name,sex,weight
Faik,M,0.0006203450477
Cenan,U,0.0001925276917
Muhsin,M,0.000684079588
Merve,F,0.001029743402
İmren,U,0.000293969137
Erkan,M,0.0013613405
İmam,M,0.0003658084869
Günnur,U,0.000275696667
Özel,U,0.000173928523
Aytuğ,U,0.0001373515811
Cimşit,M,0.000113100819
Güher,F,0.0001442858367
Tanju,U,0.000377913918
Mihri,U,0.0001504481383
Feyziye,F,0.0002085007781
Süleyman,M,0.00204537087
Tünay,U,0.000306522796
Gülizar,F,0.0007482449559
Dönüş,F,0.0003057572852
Besime,F,0.0003271711503
Behçet,M,0.0004605746165
Nesim,M,0.0003108250807
Zişan,U,0.0001530222881
Mazhar,M,0.000246962545
Düriye,F,0.0004575114593
Ruhsar,F,0.0001167542803
Nazif,M,0.0004884981602
Alkan,U,0.0002125362024
Remziye,F,0.001191263236
Müzeyyen,F,0.001064003372
Gökmen,M,0.0003935582991
Özmen,U,0.0001186622919
Dilân,F,0.0002407153986
Türabi,M,0.0001673476722
Nimetullah,M,0.0001461016703
Yazgülü,F,0.0001533410185
Karabey,M,0.0001190730314
Halef,M,0.0002033319047
Sıdar,U,0.0001205401056
Yurdanur,U,0.0003445003902
Mine,F,0.0009021477985
Bilge,U,0.0005375661785
Senai,M,0.0001205401056
Nuri,M,0.001274627465
Hamra,F,0.0001175045833
Mesrure,F,0.0001939426124
Atiye,F,0.0005407898297
Şafak,U,0.0004664941106
Hami,M,0.000250768531
Yekta,U,0.0001681045102
Birkan,M,0.000248853195
Şule,F,0.0006585816139
Müzehher,F,0.0001379191521
Nilüfer,F,0.0007897422264
Demirhan,U,0.0001168378853
Veli,M,0.001067860046
Behire,F,0.0001243677252
Ercan,M,0.001322394153
Cennet,F,0.0009714033004
Ekrem,M,0.001153127155
Sara,F,0.0003648194885
İnsaf,F,0.0002192304659
Çelik,M,0.0001011604479
Burçin,U,0.0004738255523
Konca,F,0.0001544830029
Batuhan,M,0.0002426949662
Tazegül,F,0.0001514185728
Perihan,F,0.00117620867
Erdinç,M,0.000616175463
Emriye,F,0.0004619506383
Atakan,M,0.00036218693
Nurdan,U,0.0006923937791
Aşkım,U,9.940777617e-05
Ataman,M,0.0001277756911
Solmaz,F,0.0004526622116
Şahabettin,M,0.0002808201437
Nihal,F,0.0009634090725
Seçil,F,0.0005237468597
İbrahim,M,0.003126040767
Ruşen,U,0.0003188272747
Yazgül,F,0.0002880297543
Mesure,F,0.0001602536671
Biray,U,0.0001046710379
Taygun,M,0.0001023122168
Recai,M,0.0004718843979
Seylân,U,0.0001004824861
Günal,U,0.0001427891963
Doğukan,M,0.0002221946689
Zatiye,F,0.0001551138059
Gürcan,U,0.0004247506762
Şefik,M,0.0005057443198
Semin,F,0.0001016419377
Dursun,U,0.001323516065
Ayben,F,0.0001476970042
Şekernaz,F,0.0002086412299
Mümine,F,0.000416345377
Mazlum,M,0.0002616682656
Hurşit,M,0.0003031272041
Aytekin,M,0.0004944585827
Bilâl,M,0.001140833773
Güvercin,F,0.000158661501
Şakire,F,0.0003251953526
Saime,F,0.0008197375223
Işıl,F,0.0004264942857
Muğdat,M,0.0001189089059
Kürşad,M,0.0002426144837
Celâl,M,0.001208669354
Gazal,U,0.0004059428164
Keleş,M,9.970202775e-05
Emet,F,0.000124916121
Yadigâr,U,0.0005299557921
Abdülbasit,M,0.0001086983088
Turgay,M,0.0007960967182
Çağla,U,0.0003301126747
Nişan,U,0.0001546725139
Dilay,F,0.0001758269965
Çimen,F,0.0002594948413
Nabi,M,0.0002035239085
Seçgül,F,0.0001350574477
Ferah,U,0.0002949308526
Gülfem,F,0.0001614677274
Süreyya,U,0.0006680180574
Erman,M,0.0003833780172
Günay,U,0.0007190973509
Rıfat,M,0.0007417964819
Danyal,M,0.0001017379623
Mehmet,M,0.005731261447
İlyas,M,0.00100760033
Kâmuran,U,0.0005037517074
Hürriyet,U,0.0003084915735
Satu,F,0.0003254054756
Zemzem,F,0.000258892065
Şükrü,M,0.001272802877
Gözde,F,0.0005713789955
Cesur,M,0.0002584390601
Muhtar,M,0.0001478291716
Hatice,F,0.003663926094
Necmi,M,0.0005807527417
Volkan,M,0.0009592444751
Samire,F,0.0001225485762
Ayşenur,F,0.0003726579918
Azime,F,0.0006852918259
İfakat,F,0.0003047976931
Abdürrahman,M,0.00116158955
Emirhan,M,0.0001940432834
Muharrem,M,0.001161278473
Elveda,F,0.0002659251191
Nezihe,F,0.0004338039435
Gülsima,F,0.0001122341333
Kutlay,M,0.0001416218691
Erdal,M,0.0012873651
Kıymet,F,0.0008984818826
Sadriye,F,0.0001926797874
Rasih,M,0.0001387661558
Mehpare,F,0.0001638092668
Filiz,F,0.001578216588
Nasip,U,0.0001475647185
Hayriye,F,0.001396520786
Nuray,U,0.001350993755
Arefe,F,0.000141552903
Numan,M,0.0003998595705
Mustafa,M,0.004400281986
İlkay,U,0.000622827129
Cansın,U,0.0001133595326
Veyis,M,0.000252476043
Abdülhalim,M,0.0002882330934
Mümin,M,0.0005491930042
Tarkan,M,0.0003087763204
Nezire,F,0.0002919024274
Şükriye,F,0.0009363000903
Rüştü,M,0.0003820257096
Kader,U,0.0006978302414
Gülnur,F,0.000450044457
Refika,F,0.0005036353899
Halime,F,0.001376420442
Meva,F,0.0001399573035
Turna,F,0.0001234219493
Hamide,F,0.001109064416
Timur,M,0.0003331747915
Selmin,F,0.0001477631027
Rafi,M,0.0001233428073
Ferhan,U,0.0004432893081
Nariye,F,0.000162972585
Ünsal,U,0.0003423964645
Rızvan,M,0.0001710413071
Selman,M,0.0004833134099
Merzuka,F,0.0001249942668
Aslıhan,U,0.0005188391416
Sennur,F,0.0005187826776
Mahsun,M,0.0001490134028
Muhammet,M,0.001261242632
Cemalettin,M,0.0005674691533
Nazmi,M,0.0006886605611
Müslüme,F,0.0002504568235
Güleser,F,0.0004475641351
Zafer,U,0.001074123743
Seray,F,0.0002200751165
Fesih,M,0.0003594807733
Şerefnaz,F,0.0001245246561
Seyyare,F,0.0001556166072
Serbay,M,0.0001123211028
Göksen,U,0.0001855543996
Sıdkı,M,0.0001527028924
Ece,U,0.000433083039
Nadi,M,0.0001867085517
Ratibe,F,0.0001010638746
Figan,F,0.0001595819971
Semih,M,0.0006964435579
Dursune,F,0.0002944006394
Bahri,M,0.0006888732178
Berfin,U,0.0001027883116
Saygın,U,0.0001423096918
Kaniye,F,0.000275554957
Nagehan,F,0.0002669512948
Aybars,M,0.0001092359789
Namık,M,0.0004350402069
Arda,U,0.0003197447652
Mevlâna,M,0.0001082482104
Değer,U,0.0001101262624
Nakiye,F,0.00016164905
Atıl,M,0.0001117108944
Sumru,F,0.0001283095221
Vefa,U,0.0002125362024
Orhan,M,0.001619447737
Mücellâ,F,0.0002993018974
Nazik,U,0.0004622887231
Rıdvan,M,0.0008075200411
Fahrettin,M,0.0007918043974
Gülfidan,F,0.0004103925553
Kifayet,F,0.0002184719579
Uygar,M,0.0001798897235
Ersoy,M,0.0003315589261
Gümüş,U,0.0001435394672
Metehan,M,0.0002067134612
Kebire,F,0.000234468389
Pervin,F,0.0005108161058
İdris,M,0.0008823723245
Karanfil,F,0.0001501882967
Fethullah,M,0.0002295015237
Gülcihan,F,0.0003488661418
Piruze,F,0.0001235010406
Ensar,M,0.0002522438811
Gaye,F,0.0002462894595
Vural,M,0.0003821534902
Sümer,U,0.0001930342111
Rüveyde,F,0.000253864556
Keramettin,M,0.0001781442391
Fidan,F,0.0007460100379
Hünkâr,U,0.0001718387067
Münip,M,0.0001253063629
Barika,F,0.0001054147136
Tan,U,0.0001244462154
Şemsi,F,0.0005277400938
Süphan,U,0.0001852383828
Polat,M,0.0002698255381
Ferda,U,0.0004543202021
Ziver,U,0.0002011592351
Fedai,M,0.0002502227881
Aliye,F,0.0008826600053
Aysel,F,0.001737875489
Leman,F,0.0005954307585
Gülşah,F,0.0007421254995
Mihriye,F,0.0002196309685
Berat,U,0.0003421111579
İkbal,U,0.0004600442815
Mahmure,F,0.0002945995812
Suphi,M,0.0003597251611
Hanım,F,0.001252073567
Cemile,F,0.001552874563
Kevser,F,0.0007293578806
Öykü,F,0.0001333109417
Turhan,M,0.0005122668571
Zinet,F,0.0003402508333
Memduh,M,0.000361133941
Cahide,F,0.0005529142268
Akide,F,0.0001658825094
Elife,F,0.0007702755847
Akif,M,0.0007793119389
Akkız,F,0.0002511187393
Nefise,F,0.0005530908033
İsrafil,M,0.0003303492299
Abdülgafur,M,0.0002050534662
Nahide,F,0.0006139687341
Murtaza,M,0.0003227539794
Ragıp,M,0.0002990407834
Andaç,U,0.0001067951484
Kadır,M,0.001643674609
Neşegül,F,0.0001091465512
Nurettin,M,0.001123480497
Aytan,U,0.0001913576091
Metin,M,0.001738864112
Nail,M,0.0005879216654
Rezan,F,0.0002082195901
Bâhire,F,0.0001916635367
Vahittin,M,0.0001145591378
Ulviye,U,0.0004812685081
Aybüke,F,0.0001391175521
İsmail,M,0.002855907018
Tülün,F,0.0002643045077
Gürhan,M,0.0003169227109
Âdem,M,0.001698807284
Fazlı,M,0.0004938262319
Sakine,F,0.0008590003071
Ayser,F,0.0004524248598
Sever,U,0.0001298978525
Asena,F,0.0001492752895
Esen,U,0.0004460124029
Abdülmecit,M,0.0002718445708
Nedime,F,0.0004216588544
Çağlayan,U,0.0002273212418
Ali,M,0.004478005743
Anakadın,F,0.0001574258007
Ergün,U,0.0007660042939
Doğu,U,0.0001215886509
Muhterem,U,0.0004548786783
Çiler,F,0.0001867085517
Durkadın,F,0.0004350177607
Fikret,U,0.001015583225
Sacit,M,0.0002168119149
Nezafet,F,0.0001171717085
Sanem,F,0.0001694352498
Sait,M,0.0009531273879
Zihniye,F,0.0001147294861
Ejder,M,0.0002718086482
Rıza,M,0.001181617354
Serkan,M,0.001539263923
Taylan,U,0.0003275589177
Aydan,F,0.0003689978105
Zahide,F,0.0009918356112
Cahit,M,0.000701612093
Keriman,F,0.0003171075234
Selçuk,U,0.001006097092
Fahriye,F,0.0007879101626
Hikmet,U,0.001199375191
Göknur,U,0.000201837683
Halûk,M,0.0005539023306
Gökay,U,0.0002848937156
Güldeniz,F,0.0001387661558
Nardane,F,0.0001325027665
Belma,F,0.0003648730164
Sarı,F,0.000145901027
Nargül,F,0.0001717818724
Olgun,U,0.0002993997564
Evin,F,0.0002372834352
Naciye,F,0.001209614217
Maşuk,M,0.0001406532665
Torun,U,0.0001448936431
Hüdaver,U,0.0001252284118
Rasime,F,0.0003089027903
Siracettin,M,0.0001650563374
Velit,M,0.0001263926303
Tacettin,M,0.0004194763645
Mebruke,F,0.000108428474
Ağa,M,0.0001655289406
Reyhan,F,0.0009628007445
Sadegül,F,0.0002201638386
Kayhan,M,0.0003094081531
Ayten,F,0.001508681318
Ediz,U,0.0001713265187
Ahsen,U,0.0001901289761
Nevriye,F,0.0004738667671
Rasim,M,0.0007117542775
Bilsen,U,0.0001744890417
Erten,U,0.000104109795
Sadıka,F,0.000197978845
Gülnihal,F,0.0001819407377
Cezayir,U,0.0001369956552
Gülay,F,0.001318889431
İlkin,U,0.0001489478592
Zülâl,F,0.0002592312991
Şöhret,F,0.0003421682382
Leylâ,F,0.001638438371
Neslişah,F,0.0001010638746
Müyesser,F,0.0004477604495
Sevnur,F,0.0001465021324
Tufan,M,0.0004460999679
Nurgül,F,0.0009441825661
Bingöl,F,0.0001322814981
Aykut,U,0.0006519951852
Nurtan,F,0.0001136176572
Satıa,F,0.0001868131211
Mefkûre,F,0.0001205401056
Evrim,U,0.0003518483153
Durak,M,0.0002220627896
İrfan,U,0.001108703374
Kenan,M,0.001296540652
Nedim,M,0.000697998137
Satılmış,U,0.0006776977746
Safiye,F,0.001154684224
Zennur,F,0.0001339685496
Aygün,U,0.0003053418322
Nadim,M,0.000143879206
Cihat,M,0.000468103112
Abdülvahap,M,0.0003923904308
Hüsnüye,F,0.0002332575211
Mücahit,M,0.0004877780151
Jale,F,0.0004482835344
Abdülbari,M,0.0002186060035
Seyhun,U,0.0001325764405
Gülveren,F,0.0001272396205
Sabite,F,0.0001542932591
İdil,U,0.0001797268044
Meşkûre,F,0.000173928523
Sami,M,0.001000910664
Oner,M,0.0003585560274
Atacan,M,0.0001064287832
Göksel,U,0.00046937386
Adalet,F,0.0005905400402
Üstün,U,0.0001712695144
Ahu,F,0.000268337685
Gülgûn,F,0.0003238714578
Bahar,F,0.0009418838455
İsminur,F,0.0001412767019
Atik,M,0.0001270091834
Aziz,M,0.000980508123
Yurdaer,M,0.0001056922429
Çiğdem,F,0.00125957697
Regaip,U,0.0001146443436
Memiş,M,0.0003832506449
Nural,U,0.0002580987847
Uğur,U,0.001435483106
Ülkü,U,0.0007114798397
Yaprak,F,0.0002189184574
Anakız,F,0.0002405936715
Mükremin,M,0.0002603588873
İlhami,M,0.000610651684
Sengün,U,0.0001184975975
Sabahat,F,0.0006439024789
Melisa,F,0.0001469679591
Özgü,U,0.0001238957397
Rebia,F,0.0001048574513
Fatmanur,F,0.0001651154867
Serap,F,0.001165366268
Sacide,F,0.0004063034729
Memduha,F,0.0002367066037
Vasfiye,F,0.0004412580883
Diren,U,0.0001048574513
Rahmiye,F,0.0002850307826
Müberra,F,0.0003692094525
Hale,F,0.0003924650794
Mete,M,0.0004172824599
Hadiye,F,0.0003566445888
Senay,F,0.0009022235624
Alişan,M,0.000236293719
Gülter,F,0.0002017892981
Cebrail,M,0.0003781722148
Neşe,F,0.0008907321583
Şemsiye,F,0.0001561803239
Talih,M,0.0001015458224
Asya,F,0.0003631293203
Vahdet,M,0.0001875434739
Gökalp,M,0.0001618301695
Rahşan,U,0.0002732776043
Celil,M,0.0004567424601
Marifet,F,0.0001453646244
Şekibe,F,0.0001370669143
Sıla,U,0.000182744012
Erşan,M,0.000454083717
Sürmeli,U,0.0001970394969
İlter,U,0.0001814570663
Hanefi,M,0.0002671341256
Nurseven,F,0.0001051364517
Ramis,M,0.0002710171455
Beşire,F,0.0002350507134
Ecevit,M,0.0002766513104
Mühibe,F,0.0001790736461
Gazanfer,M,0.0001390473439
Bengi,U,0.0001398176952
Afife,F,0.0003328815812
Aynur,F,0.001638056901
Meftune,F,0.0001277756911
Arman,U,0.0001460348198
Sakibe,F,0.0001221495241
Efe,M,0.0002445786809
Damla,F,0.0004358250941
Güzide,F,0.0003573557452
Bereket,U,0.000112928014
Necat,U,0.0004241295103
Baykal,U,0.0001344051675
Gülüm,F,0.0001215083148
Gülnazik,F,0.0001074332813
Gürsel,U,0.0005487483207
Salim,M,0.0008286469442
Necip,M,0.0005920758217
Kutay,U,0.0001579212412
Tuba,F,0.000923076525
Irmak,U,0.0001872308144
Sevdiye,F,0.0003684946735
Selâmettin,M,0.0001387661558
Cavit,M,0.0005323824096
Şevket,M,0.0008530114665
Selçen,U,0.0001644042897
Zaide,F,0.0002632309224
Pamuk,U,0.0003197142246
Ceren,F,0.0004269290754
Şerife,F,0.001792186349
Nebahat,F,0.0009196320987
İdi,F,0.000106703675
Göktuğ,M,0.0001482249666
Müjgan,F,0.0005167080666
Fethiye,F,0.0006099156696
Doruk,M,0.0001396779473
Şenel,U,0.0005422324193
Berkant,M,0.0001870742887
Adıgüzel,U,0.0001680464129
Gürsen,F,0.0001103919474
Seringül,F,0.0001210251784
Göksu,U,0.0001369956552
Efrail,M,0.0001141321548
İlmiye,F,0.0001662353262
Hüsamettin,M,0.0005713277239
Ragibe,F,0.0001276992474
Nebil,M,0.0001449610198
Soydan,M,0.0001207828856
Tunca,U,0.0001052292874
Çapan,M,0.0001231843707
Cengizhan,M,0.0002205183699
Abdülmelik,M,0.0001070690996
İnci,F,0.0007023632392
Gülhanım,F,0.0005588690621
Müesser,U,0.0002194085573
Yusuf,M,0.002219286319
Talia,F,0.000166821696
Süha,M,0.0002296291309
Kâmil,M,0.001119440377
Tayyip,M,0.0001828508486
Mürşide,F,0.0003427670081
Nalan,F,0.0005971338643
Nafi,M,0.0002148211122
Umut,U,0.0007755564389
Nebihe,F,0.0001680464129
Mecide,F,0.0001175045833
Hülya,F,0.00182813997
Sekine,F,0.0002423728758
İslâm,M,0.0003668214396
Koray,M,0.0005287752417
Akile,F,0.0003469857507
Ülfet,U,0.0003129228412
Kurtuluş,U,0.0003137953622
Bergüzar,F,0.0001333109417
Özer,U,0.0005140365478
Sabah,U,0.0001806480695
Sadık,M,0.001005504879
Nurullah,M,0.0006066408448
Fuat,M,0.0008606016391
Şeyma,F,0.000523523084
Nafile,F,0.0001167542803
Nedret,U,0.0003177842499
Ferman,M,0.0002324187643
Bayazıt,M,0.0001165031056
Şebnem,F,0.0004139226241
Selin,F,0.0005039261334
Güney,U,0.0002461308189
Seyda,F,0.0004873774747
Ağca,U,0.0001061531795
Kaymak,F,0.0001232636145
Abdülnasır,M,0.0001118855793
Mahbube,F,0.000159704329
Özenç,U,0.0001025981388
Tunahan,U,0.0001870742887
Kadime,F,0.0001368530256
Destegül,F,0.0001133595326
Vedat,M,0.0009710614659
Yaşar,U,0.00188507869
Tomris,F,0.0001492098609
Asiye,F,0.001331254958
Ayfer,F,0.001123854169
Sencan,F,0.0001558047394
Hümeyra,F,0.000361323165
Resul,M,0.0007553625999
Cumhur,M,0.0004661800225
Sabire,F,0.0005029757493
Suphiye,F,0.0003143239255
Oytun,U,0.0001208637038
Tolga,M,0.0007480752844
Semiye,F,0.0002895175911
Yener,U,0.0004097734539
Umran,U,0.0006186427052
Gülsemin,F,0.0001906930822
Sunay,U,0.0004864349065
Aytaç,U,0.0004573620329
Mehti,M,0.0001282333966
Figen,F,0.0007766887673
Pelin,F,0.0005644844051
İzzet,M,0.0008339562779
Seyfettin,M,0.0006850923108
Gülser,F,0.000613125228
Dudu,F,0.001055859429
Zeynel,M,0.0005736644523
Emsal,U,0.0003383225618
Esmeray,F,0.0001425153913
Ayşe,F,0.004352423945
Pembegül,F,0.0001022167318
Kutsal,M,0.0001139609137
Kürşat,M,0.0004041347062
Serin,U,0.0001308714447
Emin,M,0.001536641715
Şamil,M,0.0002573410063
Gökcan,U,0.0001124948401
Birtan,U,0.0001177536219
Şah,M,0.0003088711777
Şükran,U,0.00137544818
Esvet,U,0.0001182501257
Kısmet,U,0.0002876565927
Aytek,U,0.0001018338962
Güray,U,0.0003260350322
Sefa,U,0.0006108595273
Mesude,F,0.0005546246475
Duran,M,0.000798888416
Nurgün,F,0.0001673476722
Sema,F,0.001169239359
Fehmi,M,0.0007091566004
Güldeste,F,0.0001630923737
Cevahir,U,0.0004586412505
Semire,F,0.0002831747805
Cevdet,M,0.0007867071036
Sabiha,F,0.0007627339228
Birnur,F,0.0001539130698
Yasemin,F,0.001705404663
Sitti,F,0.0002268912788
Yüksel,U,0.001403314647
Gülhatun,F,0.000180756145
Gülender,F,0.0002164513127
Behiye,F,0.0007185811581
Nursel,U,0.0008209754376
Gültekin,M,0.0004578314944
Delâl,F,0.0002467251951
Kamer,U,0.000399932825
Yemen,U,0.0001446913247
Eylem,F,0.0004632171842
Tevhide,F,0.0002836227058
Cansel,U,0.0002163610682
Zarife,F,0.0005483745078
Günnaz,F,0.0001528307308
Erbay,U,0.0001481590742
Sedanur,F,0.0001004824861
Abdülkerim,M,0.0005357830805
Emel,F,0.001178646892
Mediha,F,0.0006740714945
Eralp,M,0.0001025029201
Şahin,M,0.001055276636
Selvinaz,F,0.0003431371516
Zühal,F,0.00078887624
Nurol,U,0.000101256929
Keklik,F,0.0001426523595
Hasene,F,0.0001861323702
Kutlu,U,0.0001480931525
Cemal,M,0.001369585858
Tugay,M,0.000253633665
Avni,M,0.000538981163
Behzat,M,0.0002577959406
Çınar,U,0.0002362110554
Meziyet,F,0.0001816184332
Peruze,F,0.000173928523
Nurtaç,U,0.0001666460017
Nisa,F,0.0001664114541
Ayseli,F,0.0001273930137
Şahan,M,0.0001414839033
Gamze,F,0.0008801451572
Efdal,U,0.0001079772507
Durcan,F,0.0001639880003
Nezihi,M,0.0001025029201
Hayrettin,M,0.0008456765147
Nejlâ,F,0.0008640440594
Melih,M,0.0005084978166
Elçin,U,0.0003163676254
Giray,M,0.0001658825094
Ziya,M,0.0008878003224
Turcan,U,0.0001329441983
Eda,F,0.0007722632979
Nesli,F,0.0002010621271
Özcan,U,0.001003560746
Mahir,M,0.0006143662124
Dilşah,F,0.0002988121214
Ruhi,M,0.0003971150674
Mevhibe,F,0.0001506427253
Ruhiye,F,0.0002455747699
Sümbül,F,0.0002054816029
Cömert,M,0.0001127549442
Ercüment,M,0.0003226026719
Kahraman,M,0.000408843044
Seydi,M,0.0004008351961
Ferdi,M,0.0006247838146
Saibe,F,0.0001804317245
Cangül,F,0.0001178365178
Lâtif,M,0.0005024513002
Fikrettin,M,9.979991882e-05
Fehmiye,F,0.000234051556
Melik,M,0.0002482639136
Şaban,M,0.001242278899
Nevres,U,0.0001117108944
Bedia,F,0.0006002653646
Sabır,U,0.0001784728178
Caner,M,0.0006040114343
Gökhan,M,0.001494981857
Nezih,M,0.0002246422057
Gülsüm,F,0.001387274479
Bağdagül,F,0.0002035239085
Tevfik,M,0.0007591408226
Kani,M,0.0002623391154
Dilâra,F,0.0003392736771
Ezel,U,0.0001595819971
Bayram,M,0.001566036503
Enver,M,0.0009140085574
Denizhan,U,0.000113100819
Rafia,F,0.0001384843969
Elvan,U,0.0005842228555
Selen,U,0.0002941019744
Erkal,M,0.0001303481063
Fatıma,F,0.0004291646798
Bektaş,M,0.0003967706697
Sultan,U,0.001894271515
Eşe,F,0.0005778873065
Hafize,F,0.0009572267915
Varol,M,0.0002271923384
Haktan,U,0.0001227873849
Ganime,F,0.0003821023831
Berkan,M,0.0002513519405
Fehim,M,0.0002877244763
Fatin,M,0.0001008704508
Nazır,M,0.0001923247105
Kadem,U,0.0002261152851
Paşa,M,0.0003134217221
Vacide,F,0.0001509664797
Dilâver,M,0.0003546127223
Nihan,F,0.0003757112262
Nurhayat,F,0.0005798609192
Zabit,M,0.0001807021153
Neriman,U,0.001094137227
Kâzım,M,0.001112668395
Alâaddin,M,0.0003464788319
Burak,M,0.0009573389966
Asye,F,0.0001578593961
Mehlika,F,0.0001539764999
Nadime,F,0.0002028029572
Şaduman,F,0.0003350744044
Saim,M,0.0005477509194
Terlan,F,0.0001010638746
Savcı,M,0.000100967209
Nil,F,0.0002513907863
Vatan,U,0.0001073423517
Asım,M,0.000611275002
Marziye,F,0.0001546725139
Tarık,M,0.0006981659923
Zülküf,M,0.0003477166621
Günsel,U,0.0001936402855
Ertunç,M,0.0001376356592
Vahdettin,M,0.0003295501757
Şahnaz,F,0.0001501882967
Feza,U,0.0001594595713
Maviş,F,0.0001973366162
Hüma,F,0.0001247596824
Suzan,F,0.0008686651913
Safıgül,F,0.0001035455102
Hüsnü,M,0.0007324440067
Şükûfe,F,0.000100967209
Taliha,F,0.0001832775722
Sevinç,U,0.0008238369187
Fadime,F,0.001770197518
Beycan,U,0.0001128415123
Yazı,F,0.0001461684902
Hasan,M,0.00335164441
Günhan,U,0.000113100819
Rüstem,M,0.0004803342813
Şadan,U,0.0002593066242
Dilber,F,0.0007445819402
Fügen,F,0.0001373515811
Zinnur,U,0.0001376356592
Ruziye,F,0.000225119845
Tosun,M,0.0001074332813
Şehriban,F,0.0005415116049
Vahide,F,0.0006092589074
Durmuş,M,0.001007348331
Sahire,F,0.0001427207943
Lâmia,F,0.0002310281582
Muteber,U,0.0002828642628
Aydanur,F,0.0001396779473
Hatime,F,0.0001649971668
Görkem,U,0.0003276483373
Nezahet,F,0.0001522546129
Nükhet,F,0.0001829042435
Manolya,F,0.000118002135
Uğurcan,U,0.000131095093
Tayyar,M,0.0003148205862
Hamiyet,F,0.0005534437875
Nasibe,F,0.0002733133339
Necdet,M,0.0007439390582
Rıfkı,M,0.0002164513127
Tennur,F,0.0001339685496
Makul,F,9.940777617e-05
Efsun,F,0.0001121470964
Güliz,F,0.0002227214053
Gurbet,F,0.0005431141133
Reşit,M,0.0006075737183
Canan,U,0.001153415033
Şahika,F,0.0001322814981
Özen,U,0.0002803677409
Songül,F,0.0016097289
Korhan,M,0.000229075653
Emre,M,0.001287873198
Tevrat,U,0.0002694634046
Huri,F,0.0004875377303
Ender,U,0.0005376025067
Şifa,F,0.0002236838673
Faysal,M,0.0003203854452
Sezen,U,0.0003876585902
Badegül,F,0.0001679882955
Rüya,F,0.0002071853026
Cansever,U,0.000131020586
Fulya,F,0.0004317959467
Nursal,U,0.0001137035684
Alican,M,0.0003450668167
Evşen,F,0.00011816752
Sıtkı,M,0.0004695194636
Salise,F,0.0001696080548
Vuslat,F,0.000109503824
Ayberk,M,0.0001177536219
Şayeste,U,0.0001930342111
Muhabbet,F,0.0002016440736
Seçim,U,0.0001427891963
Ertürk,M,0.0001305726511
Nadiye,F,0.0004433774109
Arziye,F,0.0001215886509
Reşide,F,0.0002705483509
Ege,U,0.0001307968103
Rafet,M,0.0005978856136
Şehime,F,0.0001447587955
Sonnur,F,0.0001940935993
Tercan,U,0.0001210251784
Seyfi,M,0.000455372144
Halil,M,0.002375450189
Perizat,F,0.0001028832662
Tülay,F,0.001176391297
Tahire,F,0.0001834373377
Ersel,M,0.0001896661868
Kaya,M,0.0004776433118
Cüneyt,M,0.0007079300545
Fasih,M,0.0001246813896
İskender,M,0.0004500227593
Meryem,F,0.002068050826
Mihrican,U,0.0002486961898
Sermin,F,0.0005347797576
Ferhat,M,0.001063893238
Hakverdi,M,0.0001108333404
Nezaket,F,0.0006216030364
Buse,F,0.0001885819286
Fethi,M,0.0005645535949
Arkın,U,0.0001113607027
Hasret,U,0.0004411695622
Güneş,U,0.0005419442086
Şerafet,U,0.0001187445535
Işın,U,0.0001600097497
Nazire,F,0.0006947449639
Serdar,M,0.001240847493
Mefharet,F,0.0001170049159
Fettah,M,0.000283932394
Nuh,M,0.0004623520865
Sündüs,F,0.0004637017762
Cenk,M,0.0004555436589
Tunçay,M,0.001001876028
Özgen,U,0.0002418081854
Sırma,F,0.0002837603867
Zakire,F,0.0002254665835
Name,F,0.0001758269965
Ümmühan,F,0.0007264468497
Tunçer,M,0.0004841612226
Adviye,F,0.000208734812
Banu,F,0.0006105717254
Dündar,M,0.0002343017448
Nurbanu,F,0.0001025029201
Atay,M,0.0001213474831
Lerzan,F,0.0001050435339
Arif,M,0.001280390717
Melike,F,0.0007374132087
Cenap,M,0.0001757158893
Hamiye,F,0.0002259856937
Macit,M,0.0002257262878
Şahzade,F,0.000149732489
Menşure,F,0.0005132761383
Gökben,F,0.0001706412099
Muammer,U,0.001004455515
Kaan,M,0.0004675395471
Munise,F,0.0003599151257
Medine,F,0.001079718246
Neşide,F,0.0001330910169
Havva,F,0.001687735059
Hâkime,F,0.0003939302941
Inanç,U,0.0001855017675
Neşet,M,0.0003841922003
Kâmile,F,0.0008329487019
Nurdoğan,U,0.0001926291022
Rümeysa,F,0.0001914086309
Koçer,F,0.0001564926224
Melâhat,F,0.001011932618
Hazar,U,0.0001356346189
Mahi,F,0.0002360456415
Sezin,U,0.0002140925943
Haskız,F,0.0001092359789
Hızır,M,0.0003117661216
Uysal,U,0.0001589689253
Funda,F,0.0008143594717
Şeliha,F,0.0001167542803
Tamer,M,0.0006844934164
Hediye,F,0.001040037554
Oğuz,M,0.0007795499713
Tuğrul,M,0.0003959823502
İzzettin,M,0.0004358923044
Tekmile,F,0.000177485257
Muhammed,M,0.0008323623412
Nurçin,F,0.000152510934
Ökkeş,M,0.0004382158882
Abdülgani,M,0.0002401061458
Mahire,F,0.0002338846148
Berker,M,0.0001237380112
Ümit,U,0.001242090237
Demet,F,0.0007680157764
Rahime,F,0.001091921685
Gülçün,F,0.0001299730031
Hilal,F,0.0008236472529
Sudiye,F,0.0001943449834
Firuze,F,0.0001190730314
Habip,M,0.0004250494323
Bakiye,F,0.0003287194753
Alpaslan,M,0.0003999572401
Kabil,M,0.0001143031394
Sadri,M,0.0001409306894
Münir,M,0.0003549705139
Verda,F,0.0001077962326
Hazım,M,0.0002438189317
Gülfer,F,0.000373077003
Cabbar,M,0.0001947966574
Süruri,M,0.0001027883116
Sönmez,U,0.0002189184574
Ballı,F,0.0001175045833
Sarper,M,0.0001086084384
Yağız,M,0.0001258506686
Aysın,U,0.0002593442785
Hulkiye,F,0.000103828036
Ertuğ,M,0.0001192369311
Serhat,M,0.000798191407
Özlen,U,0.0001274696411
Birnaz,F,0.0001503182737
Ayşegül,F,0.001193850663
Binnaz,F,0.0005236536314
Sener,M,0.0005170670032
Emek,U,0.000118990997
Elif,F,0.002055215168
Bülbül,F,0.000163630338
Genco,M,0.0001048574513
Nezir,M,0.0004211258861
Taliye,F,0.0001949970655
Buğra,M,0.000287418874
Aişe,F,0.0002651897053
Nehir,F,0.0002092487653
Özlem,F,0.00180070391
Yeliz,F,0.0008527137832
Memik,M,0.0002069495164
Türkay,U,0.0002482245784
Azize,F,0.0008300362849
Oruç,U,0.0002472786572
Rabia,F,0.001122628407
Sefer,U,0.0006392909951
Cebbar,M,0.0001250723638
Hayrullah,M,0.0004323157609
Beyhan,U,0.0007507724216
Nuriye,F,0.001214247089
Süeda,F,0.0001286894741
Tolgay,M,0.0001135316809
Malike,F,0.0001780894171
Radife,F,0.0001563677778
Taha,M,0.0002735633102
Mehmed,M,0.0001655289406
Fikriye,F,0.0009788036789
Şeniz,U,0.0002229843069
Resmigül,F,0.0002074678924
Burcu,F,0.001032726127
Anıl,U,0.0004697066018
Özhan,M,0.0002678642011
Demir,M,0.0002884701412
Berna,U,0.0006045608442
Kadife,F,0.0002493236173
Ersin,M,0.0009498227897
Köksal,U,0.0004514525757
Hicran,F,0.0004636596579
Bertan,M,0.0001302731721
Mehtap,F,0.0008987318126
Hüsmen,M,0.0001503182737
Barbaros,M,0.0002689555986
Buket,F,0.0004982162347
Utku,U,0.0003112645872
Kerim,M,0.0007402547358
Peri,F,0.0002028029572
Erdoğan,M,0.00102813958
Engin,U,0.001198959902
Gülcemal,F,0.000202899232
Gazi,M,0.0005660736293
Gülcan,F,0.001080061855
Meserret,F,0.0001062451268
Şevkiye,F,0.0003198668984
Hayrünnisa,F,0.0002013533106
Gülbey,M,0.000103639771
İsmigül,F,0.0002859201164
Seval,F,0.0007290231008
Şirvan,F,0.0001762153197
Nüzhet,U,0.0001004824861
Onay,U,0.0001148145654
Doğan,M,0.0009372903273
Behram,M,0.0001251504121
Menşur,U,0.0002115691818
Kiraz,F,0.000501653866
Gülistan,F,0.0006125356767
Abdüllâtif,M,0.000251856469
Yıldırım,M,0.0004719878518
Zeycan,F,0.0003248047635
Türkân,F,0.001417169872
Afet,F,0.0002585523858
Bedri,M,0.0004334886953
Selime,F,0.0006775824954
Saadettin,M,0.0002984851576
Çerkez,M,0.0001325764405
Saltanat,F,0.0001518693201
Garibe,F,0.0001427891963
Sera,F,0.0001054147136
Yeter,U,0.001167275141
Sadettin,M,0.0006363976027
Burç,M,0.0001086983088
Feridun,M,0.0004139698028
Abdürrahim,M,0.0005076329421
Mükrime,F,0.0001328707282
Ünver,U,0.0001348403715
Akgün,U,0.0001391175521
Güldan,F,0.0001556166072
Selâhattin,M,0.001197884367
Nesip,M,0.0001722927068
Elânur,F,0.0001285376281
Tunçel,M,0.0001496672603
Sonay,U,0.0003757372153
Beşir,M,0.0004493496085
Serpin,F,0.0001016419377
İclâl,F,0.0002919693238
Muazzez,F,0.0006951103012
Güçlü,M,0.0001159991244
Ayetullah,M,0.0001263926303
Hazel,F,0.0002409586684
Ayda,F,0.0001795093491
Yahya,M,0.0007548323983
Cazibe,F,0.0001104803671
Meriç,U,0.0002483425652
Türkmen,U,0.0001900262314
Mübeccel,F,0.0002967462351
İffet,U,0.0002535181407
Birşen,F,0.0008916306374
Gökçe,U,0.0004399283271
Zekâi,M,0.0003549154925
Nebiye,F,0.0004290964158
Müge,F,0.0004589392216
Ülgen,U,0.0001146443436
Reşat,M,0.0005744129177
Müjde,F,0.0003149756321
Güngör,U,0.000580399542
Seyran,U,0.0004149593172
Yelda,F,0.0003125169141
Serhan,M,0.000368123501
Samih,M,0.0001104803671
Rakibe,F,0.0001874393121
Ayhan,U,0.001478971917
Gençay,U,0.0001989628413
Abdülvahit,M,0.0001495367175
İrem,F,0.0003880362411
Müjdat,M,0.0003306446858
Fadıl,M,0.0003234188914
Turan,M,0.0009952852453
Sinan,M,0.001267367286
Şahver,F,0.0001273930137
Nazlı,F,0.0009729601421
Hasip,M,0.0002558187155
Nazan,F,0.0007153123868
Gülsün,F,0.0005119045547
Fetih,M,0.0001226282308
Dürdane,F,0.0007352516159
Alım,M,0.0003922161955
Teoman,M,0.0002564667931
Emrah,M,0.001182162643
Hıdır,M,0.0005684663126
Erol,M,0.001364979458
Okşan,U,0.0001682206446
Suna,F,0.0009308402021
Necibe,F,0.0005250689141
Şen,U,0.0001434033463
Meftun,U,0.0001367816551
Burhan,M,0.0009974902745
Gülümser,F,0.0005441200141
Zekeriya,M,0.0007637446328
Sevgi,F,0.001497148801
Rezzan,F,0.0002141837945
Nazmiye,F,0.001153245702
Önder,U,0.0007719218263
Oya,F,0.0005968885239
Raşide,F,0.0001676391681
Malik,M,0.0002540183667
Berkay,M,0.0002263742452
Osman,M,0.002577633637
İmdat,M,0.0004300965359
Seniha,F,0.0003802579521
Gülsevil,F,0.000109503824
Döne,U,0.0008536865935
Hasibe,F,0.0008216650033
Niyazi,M,0.0009059282316
Yıldıray,M,0.0004256692557
Binnur,U,0.0003173537728
Hazime,F,0.0002088283521
Armağan,U,0.0003258253151
Vecdi,M,0.0001555538459
Sertaç,U,0.0003275291058
Yılmaz,M,0.001458675596
Devlet,U,0.0002253799489
Seda,U,0.0009324542983
Rana,F,0.0002481065355
Azmi,M,0.0003523197947
Melek,F,0.001534963186
Bahtiyar,U,0.0004382827319
Halis,M,0.0006731002198
Ünal,U,0.000785315712
Yenigül,F,0.0001489478592
Sebile,F,0.0003827917535
Feramuz,M,0.0001748244904
Kâtibe,F,0.0002905612651
Salime,F,0.0003185208573
Hazal,F,0.000450954821
Enise,F,0.0002986159861
Sezgin,U,0.0006706294789
Alpay,M,0.0002953278878
Hıfzullah,M,0.0001021211574
Güldane,F,0.0006730566972
Mebrure,F,0.0001655879211
Sahibe,F,0.0002247725716
Tekin,M,0.0005834535027
Yaşın,U,0.001164746049
Tümay,U,0.0001497976893
Şemi,U,0.0001102148953
Yalçın,M,0.0008672026205
Hürrem,U,0.0001748803359
Feyyaz,M,0.0002833471432
Asil,M,0.0001490789176
Gündoğan,M,0.0001002879409
Sabahattin,M,0.0005923396408
Aysu,U,0.0002243812466
Mürşit,M,0.0001458340846
Nafiz,M,0.0003486981619
Nur,U,0.0008671012743
Benal,F,0.0001090570501
Mihriban,F,0.0004398173322
Şaziye,F,0.0008126910572
Melis,F,0.0002877923438
Günaydın,U,0.0001479612209
Şahnur,F,0.0001050435339
Erkin,U,0.0002104585748
Anı,F,0.0001090570501
Samim,M,0.0001381313899
Settar,M,0.0001030729129
Behlül,M,0.0001493406894
Yıldız,U,0.001209299345
Tayfun,M,0.0006689967105
Alperen,M,0.000172179319
Gülçehre,F,0.000115069426
Zühtü,M,0.0002505737593
Rahim,M,0.0003862707112
Nursan,U,0.0001472997906
Asliye,F,0.0001242891854
Kerem,M,0.0006263447619
Eser,U,0.0003971888281
İsmet,U,0.001334507716
Sevgül,F,0.0004554364697
Aşir,M,0.0002718086482
Zülfiye,F,0.0005993862838
Kezban,F,0.0009506448803
Devrim,U,0.0003571370787
Zekiye,F,0.001192664091
Yetkin,U,0.0001969403575
Şentürk,M,0.000162972585
Sedat,M,0.001217034394
Ufuk,U,0.0008383472728
Selvihan,U,0.0001857647788
Goncagül,F,0.0001545461991
Seyithan,M,0.000328511472
Tamam,F,0.0002167668724
Birol,M,0.0007210907228
Ergül,U,0.0004795000668
Fecri,M,0.0001295214453
Faika,F,0.0002412421731
Murathan,M,0.0001015458224
Sima,F,0.0001196456979
Müştak,M,0.0001094146152
Ömer,M,0.002338320036
Ünzile,F,0.0004526406393
Şefika,F,0.0007845942002
Refiye,F,0.0003725531654
Hekim,M,0.0001352741754
Zülfikar,M,0.0002811329192
Avniye,F,0.000141966197
Servinaz,F,0.0001191550094
Keziban,F,0.0012505831
Aytunç,M,0.0001017379623
Orçun,M,0.0002891125768
Seyit,M,0.0007003444498
Ogün,M,0.0002275359187
Nafize,F,0.0002123983262
Kumriye,F,0.0001124948401
Tolgahan,M,0.0001891506485
Sevda,F,0.001122880624
Bengü,U,0.0002217107279
Vedia,F,0.0001418285661
Şehriye,F,0.000349816504
Sayan,F,0.0001026932692
Kadim,M,0.0001409999598
Vasıf,M,0.0001385548903
Gündüz,U,0.0002681556748
Aslan,M,0.0005336098798
Sengül,F,0.001128406469
Ergin,M,0.0005401213289
Nesibe,F,0.0006097555489
Savaş,M,0.0008079794157
Ulaş,M,0.0003704504074
Güven,U,0.0005410967018
Veysi,M,0.0005987342806
Şadiye,F,0.001009052944
Orhun,M,0.0001349851277
Nasır,M,0.0002402687643
Veciha,F,0.0001086084384
İncilây,F,0.0001534683253
Müşerref,U,0.00063250372
Nazende,F,0.0001214279256
Mülâzım,M,0.0001353463409
Noyan,M,0.0001108333404
Selcan,F,0.0002722035365
İlker,M,0.0007992305838
Meral,U,0.001242019481
Lebibe,F,0.0001206210866
Hüseyin,M,0.003420560663
Rahman,M,0.0002225020834
Mercan,F,0.0004001036999
Serdal,M,0.000573732535
Bora,M,0.0004003720704
Edibe,F,0.0004575754842
Aygül,F,0.0005761612051
Hürmüz,F,0.0002057190716
İsa,M,0.001146937339
Diler,U,0.0001697231604
Yakup,M,0.001201164988
Leyli,F,0.0001773201288
Şeker,F,0.000278024453
Talip,M,0.0005612228661
Samime,F,0.0001509664797
Naşit,M,0.0001099487825
Fatih,M,0.001875544076
Özay,U,0.0003590730908
Süzen,F,0.0001286135735
Burhanettin,M,0.0003812837375
Vakkas,M,0.0002979940393
Seher,F,0.001197639793
Seyyide,F,0.0001322814981
Şerefnur,F,0.000116167361
Hamza,M,0.0008893937171
Devran,U,0.0001985698279
Vasfi,M,0.0002340932727
Aytül,F,0.0002872149585
Bilgin,U,0.0003817188616
Taşkın,M,0.0002822076035
Abdüsselâm,M,0.0001980774646
Kartal,M,0.0001188267581
Esmahan,F,0.0001172550158
Mehdi,M,0.0002309436099
Naz,F,0.000132059859
Bahattin,M,0.0007171801353
Mülâyim,M,0.0001713835041
Özkan,M,0.0009255274741
Cemil,M,0.001133164547
Saadet,F,0.001085760668
Arslan,U,0.0005052227445
Müveddet,F,0.0001490789176
Kimya,F,0.0001017379623
Nesime,F,0.0003335555795
Kadri,M,0.0005383648321
Erim,U,0.0001184151643
Gülendam,F,0.0002746676135
Işılay,F,0.0001492752895
Altan,U,0.0003894429023
Hamdi,M,0.0008463574927
Deste,F,0.0001328707282
Lâmi,M,0.0001031676056
Ceylân,F,0.0005905069688
Tuğçe,F,0.0005590612244
Seyhan,U,0.0007640258584
Gonca,F,0.0004900149909
Umur,M,0.0001523828273
Nafiye,F,0.0006218543288
İlhan,M,0.001117476009
Bakır,M,0.0001739846561
Gülbeyaz,F,0.0005328224255
Yetiş,M,0.0001678720004
Rakip,M,0.0001270091834
Mahperi,F,0.0001256176835
Gıyasettin,M,0.0002530169257
Cuma,M,0.0008865455737
Yaman,M,0.0001433352373
Sevgican,F,0.0001346954597
Gülsefa,F,0.0001397478387
Veda,F,0.0001106569945
Faize,F,0.0002454156673
Battal,M,0.000368123501
Neşat,U,0.0002376535162
Gülçiçek,F,0.0001572396081
Nurhan,U,0.0008127991877
Âtike,F,0.0004235996506
Fatma,F,0.004897839778
Didar,F,0.0001978801762
Hicret,U,0.0001725192587
Hidayet,U,0.0007411907079
Bilen,U,0.0001235010406
Lütfi,M,0.0007041266654
Münevver,F,0.001127055706
Raife,F,0.000354227004
Mahizer,F,0.0001343324964
Esma,F,0.001153787473
Öznur,U,0.0008311883789
Ramiye,F,0.0001199717086
Esra,F,0.001390136313
Sevi,F,0.000103639771
Sevde,F,0.0001696656174
Gülbeden,F,0.0001158306433
Emrullah,M,0.000597787613
Ajda,F,0.0001473660672
Huriye,F,0.001155208415
Nadir,M,0.0005613794355
Aliş,U,0.0001180848564
Nezahat,F,0.0008277862693
Tansu,U,0.000198225302
Özden,U,0.0005249387187
Kıvanç,U,0.0002519727551
Mecnun,M,0.0001376356592
Sehernaz,F,0.0001838095837
Ferdiye,F,9.960404048e-05
Safa,U,0.000248656923
Behiç,M,0.0001248379262
Senar,U,0.0001368530256
Gülsel,F,0.0001393279644
Şahhanım,F,0.000123105076
Miray,F,0.0002523986794
Ethem,M,0.0005294211814
Ural,M,0.0001375646946
Mukadder,U,0.0005255150536
Cevher,U,0.0002257695429
Düzgün,M,0.0001871264785
Ziynet,F,0.0002485783708
Sahra,F,0.0001149845353
Hakkı,M,0.00107952831
Yağmur,U,0.0004203600121
Elâ,F,0.0002406342541
Nurşah,F,0.0001224688698
Emir,U,0.0005757034296
Müslime,F,0.000213636009
Bilhan,U,0.0001052292874
Saip,M,0.0001151542542
Hanife,F,0.001740604071
Nadire,F,0.0005984895964
Yiğit,M,0.0003660753252
Zikri,M,0.0001779797223
Gülkız,F,0.000248421192
Şemdin,M,9.891541169e-05
Petek,F,0.0001414839033
Beyza,F,0.0002917351193
Anahanım,F,0.0001168378853
Aslı,F,0.0009006637078
Canip,M,0.0001971385864
Gülderen,F,0.0003917927299
Nasuh,M,0.000248813953
Enis,M,0.0003771897462
Ferruh,M,0.0002604338862
Şehnaz,F,0.0003317355848
Zarif,U,0.000221313989
Nurkan,U,0.0001190730314
Ayşehan,F,0.0001403057165
Sabit,M,0.00037534719
Gençağa,M,0.0001093253335
Muhlis,M,0.0003727365923
Radiye,F,0.0001816721903
Saver,F,0.0001200530729
Belgin,F,0.0006032673186
Yurdagül,F,0.0006074451312
Gülbahar,F,0.0007585746453
Mukaddes,F,0.000731456795
Birhan,U,0.000131095093
Zeynelabidin,M,0.0001535955265
Safire,F,0.0001166706155
Çelebi,M,0.0002440991144
Levent,M,0.001035181585
Maruf,M,0.0002032358348
Behice,F,0.0004983338171
Muhittin,M,0.0007493273378
Caize,F,0.000124210596
Galip,M,0.0005749736274
Adil,M,0.0008387082705
Yunus,M,0.001239422313
Ağgül,F,0.0001178365178
Esengül,F,0.000474484559
Taner,U,0.0008323388782
Dilek,U,0.001712860476
Oğuzhan,M,0.0005733579804
Mahinur,F,0.0002566190441
Verdî,F,0.000108428474
Feyzullah,M,0.0004607653877
Korkut,M,0.0001569910078
Hatip,M,0.0002169469862
Dede,M,0.0002900903934
İsmihan,F,0.0003679908487
Seren,U,0.0001924262279
Güllühan,F,0.0001004824861
Turgut,M,0.0008539725033
Halim,M,0.0005632375366
Özgül,F,0.000640892791
Nebi,M,0.0004223992568
Yasağul,F,0.0001113607027
Nimet,U,0.0009957266418
Züleyha,U,0.0007767264831
Özgün,U,0.0002681556748
Abidin,M,0.0005653486681
Abdullah,M,0.001987217215
Fadile,F,0.0003904445575
Allahverdi,M,0.0001258506686
Saffet,U,0.0004758613983
Nihayet,U,0.0002507295887
Seza,F,0.0001465687697
Lâmiye,F,0.0001130144496
Haşim,M,0.000557066508
Erdin,M,0.0001507075318
Betül,F,0.0008729599058
Şendoğan,U,0.0001563677778
Ümmet,M,0.0002549392822
Ertan,M,0.0006537899177
Bulut,M,0.0002040509872
Medeni,M,0.000335976591
Nurşen,F,0.0008266884952
Gülben,F,0.0001535319391
Azim,M,0.0001613467325
İlksen,F,0.0001338226938
Ceyhun,U,0.0004001769097
İlkan,M,0.0001220695571
Soner,M,0.0008545554627
Aydemir,M,0.0002072324277
Semra,F,0.001406053557
Seven,U,0.0001193187965
Zeliha,F,0.001601726058
Fadik,F,0.0003254654859
Ateş,M,0.0001238169006
Birten,F,0.0001384843969
Handan,F,0.0006712261957
Akın,U,0.0006089222427
Derman,U,0.0001298226583
Erşen,M,0.0002860225539
Tümer,M,0.0001228668847
Sahir,M,0.0001082482104
Faris,M,0.000195497187
Ayni,F,0.0002012562962
Abbas,M,0.0004827069178
Zeyni,U,0.0002111996284
Serpil,F,0.001372264005
Abit,M,0.0002437388203
Nasiye,F,0.0001190730314
Vehbiye,F,0.00016908911
Kemal,M,0.001885653583
Muzaffer,U,0.001268476283
Dinçer,M,0.0003490620161
Mücevher,F,0.000154356533
Fatoş,F,0.0003858660273
Münife,F,0.0001330910169
Birsan,U,0.0001023122168
Hilmi,M,0.0007837599028
Hafıza,F,0.0002335085607
Himmet,M,0.0004190105383
Remzi,M,0.0009634293435
Gülsüme,F,0.0002187846032
Gülce,F,0.0001276992474
Belkıs,F,0.0003517095245
Fevziye,F,0.0006025871061
Helin,F,0.0001042035454
Felek,U,0.0002601712953
Güllü,F,0.001101377887
Sadrettin,M,0.0002477520693
Hamit,M,0.0008312001267
Valide,F,0.000103639771
Nilhan,U,0.0001143031394
Gülsen,F,0.001359273141
Abdi,M,0.0003428239793
Bahtınur,F,0.0001073423517
Alime,F,0.0006602992952
Abdülhamit,M,0.0003462814964
Hasgül,U,0.0001604972139
Embiya,U,0.0001078867796
Emine,F,0.003921270566
Doğuş,M,0.0001505130286
Gülçin,F,0.0006842080443
Reis,M,0.00017240602
İbiş,M,0.000177485257
Alparslan,M,0.0003316472672
Zülfi,U,0.0002594572088
Hakan,M,0.001750795592
Erinç,U,0.0001055998142
Cumali,M,0.0005727615932
Yosma,F,0.0002789711308
Fevzi,M,0.0008785905609
Berk,M,0.0002702233244
Bihter,F,0.0001622519952
Cansu,U,0.0005259422488
Arzum,F,0.0001027883116
Safi,M,0.0001744890417
Sahip,M,0.0001089674755
Yurdal,M,0.000113100819
Güner,U,0.0006323338768
Çağrı,U,0.0004293694068
Aytün,U,0.0001082482104
Kara,M,0.0001054147136
Amine,F,0.000285304719
Yaver,M,0.0001262380215
Hacer,F,0.001695533523
Bedi,M,0.0001574258007
Hava,F,0.001235595356
Abdülkadir,M,0.001046682392
Naime,F,0.0008074958562
Abdülhakim,M,0.0002901577076
Binali,M,0.0003295205439
Bahadır,M,0.0005296977715
Mesut,U,0.00131119671
Alihan,M,0.0001687422602
Rauf,M,0.0002321244834
Özdemir,M,0.0002890788
Rüçhan,U,0.0001215886509
Gülen,F,0.000337079203
Bedriye,F,0.0009336787269
Muhlise,F,0.0002422922863
Melda,F,0.0002684104546
Bünyamin,M,0.0006321021989
Enes,M,0.0004642279329
Hüsniye,F,0.0007209146604
Süheylâ,F,0.0007390665888
Kanber,M,0.0002197198699
Nejat,M,0.0003374266477
Defne,F,0.0001198088141
Erkut,M,0.0002558568831
Gizem,F,0.0005747018365
Berrak,F,0.000164582377
Zülkif,M,0.000152510934
Özdal,U,0.0001081579659
Zümrüt,F,0.0003226329391
Necati,M,0.00110941654
Ebubekir,M,0.0003944752523
Boran,M,0.000100967209
Vicdan,U,0.0002396176282
Hulki,M,0.0001488822868
Miraç,U,0.00023047804
Kasım,M,0.0007656345238
Azat,M,0.0001125816083
Ahmed,M,0.0001563053182
Beytullah,M,0.000447433211
Mekin,M,0.0001147294861
Feray,U,0.0003427954949
Erbil,U,0.0002068551266
İnan,U,0.0002921364977
Tunç,M,0.0002393729956
Refik,M,0.0005859418735
Hilmiye,F,0.0003283033369
Ayşedudu,F,0.000164523036
Ekber,M,0.000289753588
Tursun,U,0.0001705839765
Başar,U,0.0002092487653
Aysun,U,0.001014399904
Lemiye,F,0.0001148145654
Nizami,M,0.0001109214082
Ensari,M,0.0001350574477
Sani,M,0.0001648195276
Aycan,U,0.0004433994339
Çeşminaz,F,0.0001916635367
Faruk,M,0.001240131171
Şakir,M,0.0007742206839
Cemre,U,0.0001333109417
Çağlar,U,0.0005009526332
Derviş,M,0.000444828588
Cihan,U,0.000953444928
Ferişte,F,0.0001108333404
Celile,F,0.0002697893466
Müfit,M,0.0002269343118
Sayım,M,0.0002678277446
Vildan,F,0.0006824646906
Cevat,M,0.0006448874453
Cem,M,0.0008631055506
Sadun,M,0.0001568665599
Mümtaz,M,0.0002790061312
Abide,F,0.0003042846733
Abdülhadi,M,0.0002089685838
Alper,M,0.0007667815043
Seden,F,0.0001314669947
Orkun,M,0.0002774971253
Narin,F,0.0003987836255
Mutia,F,0.0001136176572
Füruzan,F,0.0001262380215
Aysen,F,0.0006371183511
Birdal,U,0.0001289926299
Eşref,M,0.0006407861292
Gülsan,F,0.0002717008517
Yasa,U,0.0001567420132
Beyazıt,M,0.0001876996084
Atıla,M,0.0004503697983
Çetin,M,0.0009419149466
Celâlettin,M,0.0004746285947
Mecit,M,0.0004692282113
Attila,M,0.0001620110864
Şerafettin,M,0.0006974383277
Şekûre,F,0.0001784180967
Atıf,M,0.0002547093655
Makbule,F,0.001151220269
Ayvaz,M,0.0001813494086
Efendi,M,0.0002205626463
Egemen,U,0.000246447998
Deniz,U,0.001223723556
Sevin,U,0.0001970890479
Güldalı,F,0.0001600707639
Naim,M,0.0005075367539
Sadi,M,0.0004906323517
Gafur,M,0.0001493406894
Arife,F,0.00103894788
Basri,M,0.0005334085486
Tevfika,F,0.0001066121231
Oğur,U,0.0001113607027
Yücel,U,0.0008406503331
Taştan,M,0.0001025029201
Zerin,F,0.0001761044576
Maide,F,0.0001991590572
Safinaz,F,0.0003733648005
Sabiye,F,0.0001892538685
Okan,M,0.0007149710303
Gürbüz,U,0.000374252957
Selâmet,U,0.0002598332884
Öztürk,M,0.0002360870059
Ayça,F,0.0003864981597
Aydoğan,U,0.0002731346393
Nurcihan,U,0.0003051178925
Arzu,F,0.001374702551
Saynur,F,0.0002145482079
Cavidan,F,0.0002060984524
Meltem,F,0.000774725013
Sergül,F,0.0002294164128
Gülçimen,F,0.0001052292874
Feriha,F,0.0004366085703
Alaattin,M,0.0005773801653
Beste,F,0.0001721225971
Zeyneddin,M,9.999541346e-05
Doğa,U,0.0001209444681
Akay,U,0.0001228668847
Meliha,F,0.001106022702
Altun,F,0.0004646063968
Kamber,M,0.0002225459651
Zübeyde,F,0.00110746966
Ertaç,M,0.0001324290514
Şeref,U,0.000739370408
Afşin,M,0.0001064287832
Önal,U,0.0001309460366
Saliha,F,0.001116304476
Hayat,F,0.0003504857964
Münire,F,0.0005951683097
Akife,F,0.0001740968681
Hatem,U,0.0002562001361
Kâtip,M,0.0001148145654
Dicle,F,0.0001924262279
Burçak,U,0.0002190968024
Feride,F,0.001109108438
Altuğ,M,0.0002024173999
Ramazan,M,0.002365138762
Jülide,F,0.0002027548026
İhsan,U,0.001307744116
Abdüssamet,M,0.0001178365178
Nusret,U,0.0005938872108
Vehbi,M,0.0004127887168
Günseli,F,0.000184657614
Göksal,U,0.0002007705212
Gülenay,F,0.0001100375582
Sercan,U,0.0006265006428
Köçeri,F,0.0001302731721
Hatun,F,0.0009091453508
Ramiz,M,0.0002596829219
Bedrettin,M,0.0003483058939
İlayda,F,0.0001162513881
Hasbi,M,0.000223071872
Rahile,F,0.0001889957128
Erdem,U,0.0008199876365
Zihni,M,0.0003038029304
Üzeyir,M,0.000491030237
Mevlit,M,0.0001361376364
Muhteşem,U,0.0001252284118
Heybet,U,0.0002105049671
Fazilet,F,0.0004721326492
Ebru,F,0.001180079274
Saniye,F,0.001222589939
Veysiye,F,0.0001195640563
Atıfe,F,0.0001436754591
Harbiye,F,0.0001839158014
Berrin,F,0.0005665047134
Gülgez,F,0.0001341142468
Sevgili,F,0.0001413458028
Akan,M,0.0001656468807
Sakın,M,0.0001745449946
Muhsine,F,0.000370160344
Esmer,F,0.0003901193016
Veysel,M,0.001005174642
Sedef,F,0.0004452454744
Fadim,F,0.0002571132372
Fikri,M,0.0006274195514
Sevcan,U,0.0006096914889
Nurdane,F,0.0003426815336
Haydar,M,0.0009491234528
Neval,F,0.0002829678065
Ferit,M,0.0006294550441
Derya,U,0.001394358528
Sebati,M,0.0001053220413
Erden,U,0.0001878556131
Nevin,F,0.0009554297178
Ersun,M,0.0001590303388
Tahir,M,0.0008452145225
Kerime,F,0.0005151940114
Mahfuz,M,0.0002187846032
Kubilay,M,0.0003651940191
İlknur,F,0.001094262164
Yaser,M,0.0001200530729
Baha,M,0.0001575498069
Haşmet,M,0.0001519336034
Sulbiye,F,0.0002695358702
Esin,U,0.0006698427482
Abdülcebbar,M,0.0001786915346
Salih,M,0.001750427451
Kaplan,M,0.0001246813896
Salman,M,0.0002959884296
Gençer,M,0.000143267096
Hicabi,M,0.0002029473523
Tijen,F,0.0001787461719
Tülin,F,0.0005686208875
Maya,F,0.0001338956416
Hüdayi,M,0.0001603754867
Ekin,U,0.0001923247105
Ertuğrul,M,0.0006598998893
Pınar,F,0.001247823782
Nermin,F,0.001135978884
Begüm,F,0.0003232376874
Selva,F,0.0002283926081
Berin,U,0.0001746568466
Sevil,F,0.0008478560226
Ceyhan,U,0.0003862707112
Eyüp,M,0.0009129716784
Elmas,F,0.0009741336586
Kadriye,F,0.001534855036
Dindar,U,0.0001426523595
Naşide,F,0.000225119845
Şemsettin,M,0.0005195914099
Bedirhan,M,0.0002174415297
Bülent,M,0.001388674491
Nurkadın,F,0.0001120599918
Şahap,M,0.0001913576091
Hüsnügül,F,0.0001175876548
Aybike,F,0.0001282333966
Nevruz,U,0.0002118920124
Nizamettin,M,0.000592191257
Tanzer,U,0.0001229463331
Döndü,U,0.001307669446
Sarp,M,0.0001087881051
Dilşat,F,0.0001313926986
Özgür,U,0.001144303569
Sebahat,F,0.0009428164347
Nafia,F,0.0002867726441
Nami,M,0.0001906930822
Zernişan,F,0.0001559300347
Medet,M,0.0002458529516
Ferzan,U,0.0001171717085
İlke,U,0.0001777051892
Sermet,U,0.0001603754867
Zaim,M,0.0001087881051
Çakır,U,0.0002275788297
Kadire,F,0.0001573016968
Semiha,F,0.0009127256477
Gökçen,U,0.0003216022572
Şerif,M,0.0008963383234
Gülaçtı,F,0.0001050435339
Fatmagül,F,0.00026891929
Gül,F,0.001046374482
Türker,U,0.0003182448293
Namiye,F,0.0001416218691
Sevtap,F,0.000335540352
Zülfüye,F,0.0001418285661
Ganimet,F,0.0002140013551
Nazım,M,0.0007326306268
Zade,F,0.0001153237234
Mutlu,U,0.0005833698162
Musa,M,0.001369100953
Fecriye,F,0.0001674643314
Münteha,F,0.0001266241895
Yeşim,F,0.0007585231536
Şinasi,M,0.0003978275142
Zülfü,U,0.0003505415131
Aykan,U,0.0001647602719
Ubeydullah,M,0.0001601317548
Selvi,U,0.0005602476736
Tayyibe,F,0.000230562759
Huriser,F,0.0001266241895
Yayla,U,0.0001636900026
Bahriye,F,0.0006844220845
Nasıf,M,0.0001559300347
Müslim,M,0.0002351753096
Rüveyda,F,0.0002381870625
Erhan,M,0.001116531884
Mahbup,F,0.0002022243456
Asime,F,0.0001716112563
Sıdıka,F,0.0007336694985
Kibar,U,0.0004408595811
Asude,F,0.0001534683253
Suat,U,0.0009231188379
Nuran,F,0.001148273219
Gevher,F,0.000143879206
Gürdal,M,0.0001576117734
Güldem,F,0.0001454317829
Ruhan,U,0.0002099940883
Fıtnat,F,0.0002225898381
Rengin,F,0.0001723493727
Selami,M,0.0007430722562
Tuna,U,0.0003593721032
Bircan,U,0.0005654350218
Satı,U,0.00096647528
Enbiya,U,0.0001114483538
Mert,M,0.000547840047
Miyase,F,0.0005370391438
Coşkun,M,0.0007488450235
Habibe,F,0.0009464757038
Hürmet,U,0.0001506427253
Candan,U,0.0003136085978
Zahir,M,0.0002547860275
Simay,F,0.0001160832732
Davut,M,0.0008780569228
Mesture,F,0.0001025981388
Bekir,M,0.001401483411
Feruze,F,0.0001657058193
Baran,U,0.0002883685731
Seyfullah,M,0.0003509034559
Neslihan,F,0.001121105207
Asaf,M,0.0001735913429
Kadın,F,0.0003470420293
Ümmiye,F,0.0002508074672
Sare,F,0.0004068558585
Rami,M,0.0001396779473
Yavuz,M,0.001009101329
Güzel,F,0.0004678735935
Fırat,M,0.0006967099031
Habib,M,0.0003596165648
Bilgihan,U,0.0001219094658
Nebile,F,0.0002551307212
Nazlıhan,F,0.000126932278
Alptekin,M,0.0001479612209
Menevşe,F,0.0003339359334
Ömür,U,0.0005295133941
Akıl,M,0.0001124080051
Gülhan,U,0.0008409987314
Kâşif,M,0.0001636900026
Zeynur,F,0.000101449616
Altın,U,0.0001990119134
Habil,M,0.0002388829787
Lale,F,0.0005353637379
Çağatay,M,0.0003280950698
Lâtife,F,0.0006262823987
Sümeyra,F,0.0004358250941
Bengül,F,0.000169377609
Senal,U,0.0001314669947
Birsel,U,0.0004050759307
Halise,F,0.0006805447131
Mansur,M,0.0002313660423
Heves,F,0.0001344051675
Başak,F,0.0004165798453
Melekşah,F,0.0001020254936
İsminaz,F,0.0002223703864
Hayal,F,0.0001969899335
Fermude,F,0.0001153237234
Nevra,F,0.0001565550073
Gülnar,F,0.0001361376364
Kıvılcım,U,0.0001079772507
Gültan,U,0.0001299730031
Kibariye,F,0.0001750477657
Eren,U,0.0005878884467
Sebahattin,M,0.0007293311039
Alp,M,0.0003374266477
Ilgın,U,0.0001300481103
Bilgen,U,0.0002785507823
Dila,F,0.0001289926299
Garip,U,0.0003258852481
Oral,M,0.0001919181039
Melikşah,M,0.0001116234495
Mübin,U,0.0001050435339
Acar,U,9.999541346e-05
Erengül,F,0.0001202156364
Nilay,F,0.0004582365513
Çiçek,F,0.0005867246063
Şehrinaz,F,0.0001840219577
Edip,M,0.0004342089262
Gülinaz,F,0.0001003852606
Güvenç,U,0.0001328707282
Furkan,M,0.0003768271383
Zeynep,F,0.002551368449
Siraç,M,0.0002492844494
Nasrettin,M,0.0001405143497
Nahit,M,0.0002641566864
Gülayşe,F,0.000170526724
Gülten,F,0.001220695571
Simge,F,0.0002277075144
Gaffar,M,0.0001425838919
Rahmi,M,0.0006575280607
Halide,F,0.0005450882318
Ulya,F,0.0001051364517
Aydın,U,0.001290993227
Hande,F,0.0004530934417
Cabir,M,0.0002092487653
Hamdiye,F,0.0006158584351
Raci,M,0.0002019827682
Göktürk,M,0.0001054147136
Lütfiye,F,0.000933396309
Tezcan,U,0.0003047336129
Gülden,F,0.0005948400858
Güldal,F,0.0001077962326
Çağdaş,U,0.0003436489998
Sırrı,M,0.0002974036267
Göker,M,0.0001283856024
Mürüvvet,F,0.0005634455396
Sibel,F,0.001413036553
Maksut,M,0.0002864319375
Sançar,M,0.0001207020132
Billûr,F,0.0001482908297
Mürsel,M,0.0005094570663
Nesimi,M,0.0001795093491
Seçkin,U,0.0004498708455
Gülsever,F,0.0001391877249
Altay,M,0.0001526389331
Ezgi,F,0.000514416331
Fahri,M,0.0008126069457
Büşra,F,0.0006040276006
Hüsrev,M,0.0001471671478
Serra,F,0.0001420349624
Şerbet,F,9.92111236e-05
Senem,F,0.0007528505445
Reha,U,0.0001905906416
Ülker,U,0.0004491322478
Senol,M,0.0008836219484
Esat,M,0.0005176143739
Gülüş,F,0.0001057845909
Refia,F,0.0001532136059
Hulûsi,M,0.0004827069178
Kuddusi,M,0.0001816721903
Nihat,M,0.001187996369
Adile,F,0.0007918413933
Sarıgül,F,0.0001199717086
Bedih,M,0.0001025981388
Ferdane,F,0.0003997863026
Yenal,M,0.0001301231742
Günel,U,0.0001083383797
Sulhiye,F,0.0001354184679
Sevilay,F,0.0007131933431
Nevzat,U,0.0009786240911
Didem,F,0.0005998422643
Ayşan,U,0.0002672803003
Ahmet,M,0.004032433512
Temel,M,0.0005083441687
Sezer,U,0.0004965278271
Zehra,F,0.001707882116
Atalay,M,0.0002818613788
Hazine,F,0.0001336036115
Mihrinaz,F,0.0001238957397
Mestan,M,0.000219007648
Kağan,M,0.0002370363936
Sinem,F,0.0007700093231
Üveys,F,0.0001125816083
Servet,U,0.0009027104642
Özal,U,0.0001585999447
Mavi,F,0.0001249942668
Fehime,F,0.0005688612538
Füsun,F,0.0004039413635
Nizam,M,0.0002312816176
Sadullah,M,0.0004201741355
Yurdakul,U,0.0001337497062
Cengiz,M,0.001334602835
Aylin,F,0.0006505708439
Akgül,F,0.0003226632034
Balı,M,0.0001060611524
Güzin,F,0.0003344034673
Olcay,U,0.0005889173559
Ata,M,0.0003171383151
Nurten,F,0.001314409959
Naile,F,0.000676385314
Azer,U,0.0001063369946
Raif,M,0.0004117228426
Erdi,U,0.0003335848529
Atanur,U,0.0001555538459
Özge,U,0.0007819512861
Cesim,M,0.0002665486255
Selda,F,0.0008905567397
Feyzi,M,0.0004570416691
Nusrettin,M,0.0002527079916
Hüsne,F,0.0007010969541
Kâzime,F,0.000121105835
Altınay,U,0.0001001905266
Adeviye,F,0.0002853389426
Abdülcelil,M,0.0002185166489
Abuzer,M,0.0004683742163
Müfide,F,0.000278831085
Sıddık,M,0.0005540257197
Nurtekin,M,9.989771396e-05
Sıtkıye,F,0.0001110094062
Server,U,0.0002511576212
Methiye,F,0.000190282989
Münibe,F,0.0001417597006
Gülseven,F,0.0002197643071
Han,M,0.0002549392822
Baki,M,0.0005987995129
Gültaze,F,0.0001545461991
Sena,U,0.0002920362048
Birgül,F,0.0009795615758
Recep,M,0.0017906274
Sezai,M,0.0006157157192
Bingül,F,0.0002034759245
Vahit,M,0.0004725461116
Semanur,F,0.0002360870059
Necla,F,0.001191607458
Abdülhalik,M,0.0002171269505
Evren,U,0.0005044490492
Harun,M,0.001093976573
Çavuş,M,0.0001108333404
İnayet,U,0.000283484958
Kemalettin,M,0.0003418541783
Kayahan,M,0.0001054147136
Zahit,M,0.0002221067581
Ziyaettin,M,0.000167406012
Yonca,F,0.00028141065
Sabriye,F,0.0008668309598
Cemaleddin,M,0.0001110973345
Ruhşen,U,0.0001034511634
Gani,M,0.0002523986794
Eylül,U,0.0001252284118
Adnan,M,0.001148264715
Feyza,F,0.0003677519539
Gülperi,F,0.0004997426481
Türkiye,F,0.0002133615888
Hüdaverdi,M,0.0002164513127
Harika,F,0.000220828118
Ulvi,M,0.0002570372694
Abdülaziz,M,0.0004309584082
Zühre,F,0.0004135213875
Ayla,F,0.0008355471738
Kübra,F,0.0008592503568
Muallâ,F,0.0005061882007
Hayri,M,0.000708467791
Talha,M,0.0002370775851
Pakize,F,0.0008442782142
Şazimet,F,0.0002505347868
Merziye,F,9.881664441e-05
Sahure,F,0.000179454944
Bilgi,U,0.0003271711503
Salâhattin,M,0.0003473232855
Sevim,F,0.001815076433
Ülger,U,0.0001981760351
Şevki,M,0.0005588166427
Resmiye,F,0.0004633436483
Selvet,U,0.0002640457661
Açelya,F,0.00011816752
Bahtışen,F,0.0001680464129
Tutku,U,0.0001197272838
İpek,F,0.0007203862149
Fazıl,M,0.0003583108422
Okay,M,0.0002316612867
Vahibe,F,0.0001196456979
Hacıkadın,F,0.0001144738686
Netice,F,0.0002947983887
Raşit,M,0.0005686037145
Bilgehan,U,0.000239699117
Eray,U,0.0004608713376
Nesrin,F,0.0009969321284
Işık,U,0.0003133905653
Ceyda,F,0.0003956122847
Raziye,F,0.0009412201087
Hadra,F,0.0001561177892
Nadide,F,0.0004084368175
Cafer,M,0.0008737313831
Nilgün,F,0.0009185058924
Talât,U,0.0004655721846
Macide,F,0.0003076992272
Şehmuz,M,0.0001221495241
Kalender,M,0.0001779797223
Hayati,M,0.0006191160477
Mazlume,F,0.0001042035454
Masum,M,0.0002034279292
Alev,F,0.000558134743
Timuçin,M,0.0001989137571
Afiyet,F,0.0001125816083
Tansel,U,0.0002321244834
Aşkın,U,0.0004082455121
Naki,M,0.0001507723105
Zahire,F,0.0002188738484
Korkmaz,M,0.0001892022656
Menekşe,F,0.0005422144106
Durdu,U,0.0006994794649
Sıddıka,F,0.0005689642369
Cezmi,M,0.0002739556693
Sabri,M,0.001080685497
Beşer,F,0.0001977320808
Pembe,F,0.0003596980151
Beyaz,F,0.0003954641615
Onur,U,0.001054832387
Arafat,M,0.0001686843826
Haldun,M,0.0002432575981
Bozan,M,0.000213955721
Nurcan,U,0.001325049773
Mehdiye,F,0.0001857122063
İlham,U,0.0001549248347
Abdülbaki,M,0.0004176800834
Kıyas,M,0.0001276992474
Sezgi,U,0.0001179193555
Müslüm,M,0.0006754318239
Menderes,M,0.0004194065236
Cevriye,F,0.0006211001467
Vecihe,F,0.0002214022146
Hamdullah,M,0.0003355694522
Durşen,F,0.0001301981947
Nergis,F,0.000253633665
Mirza,M,0.0001767133385
Barış,U,0.0009928786443
Canberk,M,0.0001037339462
Semine,F,0.0001730279161
Firdevs,F,0.0006904165563
Gazel,U,0.000154356533
Selâm,M,0.0001293705757
Akkadın,F,0.000197682691
Cihangir,M,0.0003340236458
Memnune,F,0.0004189639272
Zeki,M,0.001332303447
Mahmut,M,0.001812346828
Oktay,M,0.0008629358317
Mikâil,M,0.0005195726165
Tahsin,M,0.0009184314717
Vahap,M,0.000355602648
Samiye,F,0.0004841612226
Mina,F,0.0001016419377
Gülsev,F,0.0001061531795
Orbay,M,0.0001028832662
Maksude,F,0.0002263742452
Murat,M,0.002931988255
Merih,U,0.0002310281582
Hüsna,F,0.0004327221364
İslim,F,0.0004551147504
Nigâr,F,0.0006966398222
Gülseren,F,0.001030207949
Halit,M,0.001027636091
Abdürrezzak,M,0.0001547356327
Mevlüde,F,0.0007597065781
Bedir,M,0.0003160279266
Can,U,0.0009566961892
Canser,U,0.0001334573568
Ertekin,M,0.0001289926299
Nida,U,0.0002550924449
Kumru,F,0.0002475943658
Zerrin,F,0.0005139605575
Zakir,M,0.0002491669086
Asuman,F,0.000725195688
Mithat,M,0.000507882946
Mevlüt,M,0.001128960161
Semir,M,0.0001893570323
Emetullah,F,0.0001801067196
Sebat,U,0.0001690313512
Kudret,U,0.0007070467288
Mevlide,F,0.0001597654598
Agâh,M,0.0001638688663
Seniye,F,0.0002715930125
Öçal,M,0.0001484224683
Güler,F,0.001250528442
Gürkan,M,0.0005886685912
Serbülent,M,0.0001199717086
Aras,M,0.0001137894149
Selma,F,0.001511623374
Besim,M,0.0002660352558
Gülhayat,F,0.0001556793432
Benan,U,0.0001568042989
Rukiye,F,0.001235966734
Hıfzı,M,0.0001278520892
Telli,U,0.0003432509616
İkram,U,0.0003712929396
Ertaş,M,0.0001042972116
Maşallah,U,0.0004002501061
Arzı,F,0.0002868747772
Gülsevin,F,0.0001156619169
Sakıp,M,0.0001678138226
Şekip,M,0.0001400270554
Gülbin,F,0.0002242071051
Saide,F,0.0003913688061
Civan,U,0.0001539130698
Firuzan,F,0.0001259282345
Şadıman,U,0.0001863420969
Şirin,U,0.0007355835609
Sençer,M,0.0001238169006
Veliye,F,0.0001444887229
Tayfur,M,0.0002938030058
Ferhunde,F,0.000145566007
İshak,M,0.0004432232195
Mükerrem,U,0.0005458758802
Semahat,U,0.0003563706892
Necmiye,F,0.0006947168531
Nazife,F,0.00098954891
Ozan,M,0.0005867412488
Duygu,U,0.0009077157324
Gürel,M,0.0001523828273
Atilla,M,0.000699130378
Tuğba,F,0.001235698088
Iraz,F,0.0002722035365
Merdan,M,0.0001599487122
Gönül,F,0.001266303586
Naci,M,0.000703682754
Samet,M,0.0006913211313
Selim,M,0.001124644555
