name,weight
Eğin,0.0003863699862
Takır,0.0002615802752
Bayar,0.001361027137
Ceyran,0.0003922917104
Çalkın,0.000210081048
Şaban,0.0005345264715
Aygan,0.0003117062311
Genç,0.00257127621
Arık,0.001307177187
Taşdelen,0.0009775231534
Akdemir,0.001656443118
Turhan,0.001630288692
Bayın,0.0003900815987
Karabulut,0.002167670146
Öngören,0.000309718711
Ayaydın,0.0005065277055
Işıl,0.0002826118367
Aşçı,0.0008913445914
Seçkin,0.0008473497835
Saral,0.0005767600395
Tınaz,0.0003917666242
Duran,0.002195280564
Kuday,0.0003166854604
Avcı,0.00309743966
Agun,0.0002404213528
Ceyhun,0.0002723747696
Güneri,0.0007416947694
Ergen,0.001132412268
Aras,0.0016528104
Kantarcı,0.0005163484796
Nadir,0.0002399070819
Berge,0.0002376657162
Doğruer,0.0004991590416
Yalçın,0.003310026752
Takak,0.0003109127477
Menteşoğlu,0.0002164515069
Bölükbaşı,0.0007442437466
Yapıcıoğlu,0.0002997207811
Karakaş,0.002028872409
Aydoğan,0.002106114602
Bölek,0.0002969608624
Duyar,0.0007273459859
Küçükler,0.0003260375354
Aydemir,0.002312173892
Velioğlu,0.0004915962181
Topçu,0.002023426853
Duruk,0.0004253236271
Erçetin,0.0005853334431
Büte,0.0002045202602
Sözeri,0.0004535244417
Erdem,0.002585104925
Ünaldı,0.0005476890599
Derin,0.0009681706745
Gökçen,0.000855762089
Özışık,0.0004278329328
Bağı,0.0002617376167
Samancı,0.0005668238465
Ayverdi,0.0004111487319
Evcim,0.0002153072618
Temir,0.0005111395855
Bağır,0.000271010993
Ergin,0.001731279167
Akçay,0.001719922639
Yücel,0.002116313386
Yeşilkaya,0.00066284562
Birgül,0.0005419460248
Durul,0.0002450012186
Balaban,0.001119321202
Yasan,0.0004592974594
Sungur,0.0009258714737
Balak,0.0002548842394
Akbay,0.0008569639688
Çakar,0.001577331463
Yenigün,0.0006904086996
Derebaşı,0.0003523750505
Özkul,0.000987412614
Akyel,0.0007052756636
Gök,0.002302020168
Tanrıverdi,0.0013591504
Beşikçi,0.0003224825027
Yarar,0.0008624710444
Ese,0.0002577752684
Çoker,0.0003507355432
Atlı,0.001164071925
Özdil,0.0007980067488
Yol,0.0004362188747
Adin,0.0002714663465
Sezer,0.001954056319
Ünver,0.001219110533
Atman,0.0003098516089
Şengül,0.001672151152
Alıcı,0.001034807717
Koç,0.003718961088
Çotur,0.0002890929505
Piroğlu,0.0002451692003
Ergi,0.0002166416268
Terim,0.0002604762232
Durgut,0.0009749084356
Yentür,0.0002862305735
Olgun,0.001263617936
Tün,0.0002439909
Elçik,0.0002611076817
Ertaş,0.001442613734
Çekim,0.0003768764758
Tutu,0.0002411053409
Verdi,0.0002762767557
Beken,0.000411048586
Bulak,0.0004193774789
Köroğlu,0.001420498224
Üstünel,0.0004584900211
Bayazıt,0.0007541897832
Üzümcü,0.0006520750708
Özer,0.003051063794
Yaldır,0.0002711628625
Bulum,0.0002297383487
Eren,0.002360823554
Çiftçioğlu,0.0005640570598
Aykın,0.000377313181
Çiloğlu,0.0005969639515
Çilingir,0.0006470044256
Aktay,0.0007281945329
Tedik,0.0002496619856
Bölükbaş,0.0006354475523
Ebinç,0.0002222696193
Egeli,0.0002728278469
Şeker,0.00191766863
Demirkol,0.001120681275
Germen,0.0002137720746
Özdemir,0.005227117996
Sapmaz,0.0006677959921
Birinci,0.0009176083874
Doğan,0.004812543622
Ünlütürk,0.0004565102708
Çıntay,0.0002498268334
Söylemez,0.001146287907
Buldu,0.0004835747883
Önür,0.0009882044947
Çabuk,0.001049817162
Cuci,0.0002789461583
Uysal,0.002632792788
Çekli,0.0002302753304
Ersü,0.0003028635969
Özbey,0.001074660775
Aykurt,0.0005262206831
Burçak,0.0003085200531
Akyürek,0.0008902816234
Karabacak,0.001309442878
Can,0.003389605621
Koldaş,0.000423383272
Pamukçu,0.0005528514642
Güngör,0.002643576092
Şan,0.001021997224
Tosun,0.002271431664
İplikçi,0.0002277585845
Çavdar,0.00127941863
Salihoğlu,0.0004245485492
Kutlay,0.0003763298816
Kurtulmuş,0.0006054552623
Dülger,0.0008752645343
Kilimci,0.0002204095897
Açıkgöz,0.001741805487
Aşkın,0.0009821031188
Taştan,0.001184094329
Şen,0.00336945641
Çabar,0.0002770208366
Başkan,0.0007769904994
Tuğluk,0.0002190981738
Karapınar,0.0008504536393
Okur,0.001313523812
Kaan,0.0003160347807
Beldek,0.0003327864405
Vurgun,0.000581097979
Diren,0.00027731791
Yaşaroğlu,0.0003487343508
Mert,0.001633845497
Özülkü,0.0002141569031
Seyhan,0.001034051525
Ekelik,0.0002496619856
Çığ,0.0002931937645
Altınok,0.0008766275461
Tuluk,0.0003577090992
Gürbüz,0.002027390554
Türemen,0.0002120317031
Gürsu,0.0004985813588
Çevikel,0.0002790937099
Alar,0.0002537510552
Törün,0.001442870557
Güleç,0.001469278961
Sayman,0.000335251559
Akpınar,0.001790133075
Öztürk,0.005454315607
Tecer,0.0003020468845
Aybı,0.000217021367
Koçaş,0.0003486162758
Halıcı,0.0006382918892
Geçgil,0.0002688758141
Ülken,0.0002393917063
Kasapoğlu,0.0006520119311
Turşak,0.0002304540462
Akkoyun,0.001041074768
Çelikbaş,0.0005169063067
Kutay,0.0004211408117
Başoğlu,0.0007769904994
Tunaboylu,0.000224297837
Ağaoğlu,0.0005251242257
Aygın,0.0002944548188
Özlü,0.0008979710957
Demirarslan,0.0002531012435
Türkoğlu,0.001482528919
Köprücü,0.0002560124078
Yel,0.0007994499866
Bolat,0.001599363385
Sezen,0.0009812643595
Baygın,0.0004309012496
Güler,0.003303315915
Yalım,0.0005339870516
Atik,0.001218097
Sabuncu,0.0005979286866
Onbaşı,0.0003331573711
Dik,0.0005575970574
Ege,0.0008140956686
Aytekin,0.001342448393
Tavlı,0.0003413364759
Örge,0.0002604762232
Eldem,0.0003541232424
Köseoğlu,0.001308625164
Basmacı,0.0003688157864
Erdemçi,0.0003204333477
Şekeroğlu,0.0004167184895
Zileli,0.0002230092873
Boga,0.0007389698834
Ögel,0.0002993084156
Utku,0.0006038211021
Çatalbaş,0.0005081506757
Sevinç,0.001721095154
Asan,0.0009949721024
Karadağ,0.001859729608
Birge,0.0002179678232
Yaray,0.0003093196744
Toy,0.0009006720421
Akgün,0.002141934259
Utlu,0.0003577090992
Geçgel,0.0005449762191
Cağlı,0.0005968949822
Bel,0.0003311742739
Akkaş,0.0009557162863
Yalap,0.0002402500515
Tamer,0.0007588698426
Barlık,0.0003830525257
Nergis,0.0002984819757
Seven,0.001190612965
Karaca,0.002769331391
Öner,0.001759256197
Evcil,0.0004395097201
Bezgin,0.0003503832221
Bitim,0.0002246646366
Menekşe,0.0006882586327
Çıdam,0.0002135794003
Bayer,0.000648529782
Ulukan,0.0003598892229
Sarıgül,0.0009286242747
Şafak,0.001019011871
Kılıçlı,0.0003820839969
Kuzu,0.001256036421
Tutar,0.0008574922623
Demir,0.006180048116
Çokan,0.0003177237761
Erişen,0.0003982287603
Maraşlı,0.000428025347
Günel,0.0008121209957
Taşkın,0.001869708996
Akıncı,0.001451518754
Çelikten,0.0005356805422
Semercioğlu,0.0003107803035
Yançı,0.0002327648658
Yoloğlu,0.0002441595768
Taşar,0.0007468391509
Âdem,0.0003021831566
İnal,0.001214170047
Gürsel,0.0005999907528
Almas,0.0003505007019
Şahan,0.001443982925
Tulay,0.0003131557289
Acu,0.0003747951772
Güner,0.001933128173
Tulgar,0.0003251524212
Küçük,0.002486855037
Başkır,0.0002571356266
Açar,0.003509303422
Eğri,0.0004076289886
Başkal,0.000301910551
Bakaç,0.0003516733405
Çangal,0.0002065234447
Buga,0.0003700416468
Terzioğlu,0.0007259862477
Tın,0.0002521233857
Beki,0.0003200476706
Göksel,0.0005989606071
Karaaslan,0.001302507555
Batır,0.0004685269242
Durak,0.00151331173
Gürer,0.0007252486584
Yurdakul,0.001031220851
Yakan,0.000474377734
Deli,0.0006750315285
Uzer,0.0007074904013
Yücesoy,0.0005034296476
Koca,0.002056364394
Torlak,0.0005122659766
Çevrim,0.0002529385297
Atan,0.0007253054227
Soykan,0.0006167731626
Bıçak,0.0007116099932
Tutun,0.0002798303005
Avcıoğlu,0.0006040937691
Özyiğit,0.0005436147219
Şenyurt,0.0005319787032
Balıkçı,0.0009004891831
Uçar,0.002589337718
Sarp,0.0005166673117
Örs,0.0009724137077
Kavas,0.0006972915966
Yazıcı,0.002112438581
Önder,0.001567145311
Külünk,0.0002659506538
Demirkan,0.0008300711431
Cingil,0.0003102499613
Karakuş,0.002193122818
Ürgan,0.0002842097575
Barug,0.000208507385
Şimşek,0.00348122289
Tekin,0.002888949323
Büyük,0.001007717606
Saraç,0.001400827715
Mutlu,0.002481966515
Akel,0.0004096439736
Baydan,0.000337210679
Söyler,0.0007506880125
Demirağ,0.0004976722168
Akhan,0.0005849112768
Gürler,0.0009995956804
Yıldırım,0.005645560821
Günday,0.0004080327816
Atıcı,0.001094738988
Selek,0.0006389365635
Mumcu,0.0006939773418
Atılgan,0.0009619850349
Gökalp,0.001013299217
Çolak,0.002355026771
Yetek,0.0002174004439
Abış,0.000325784891
Aksoy,0.002856229471
Adal,0.0003326627051
Batu,0.0004701935047
Cetiz,0.0002324108505
Kekilli,0.000263774516
Gider,0.0006767979123
Müldür,0.0002540753378
Görmez,0.0007053340353
Azgın,0.0005315916125
Aydan,0.0003172050431
Ertik,0.000264553763
Akcan,0.001190059577
Bildik,0.0005836429458
Sürer,0.0006807403988
Bakırcıoğlu,0.0002407635897
Çatık,0.0002789461583
Körpe,0.0004974239806
Yavçın,0.0002053238792
Eşim,0.0003425404884
Çın,0.0009616426
Süleymanoğlu,0.0004443539752
Hakyemez,0.0002761276989
Şahinoğlu,0.0006552242974
Akkaya,0.002166283238
Özyer,0.000429273937
Tutgun,0.0002116430104
Selvi,0.0009993073335
Gürkan,0.001006245768
Gülerce,0.0002124196846
Ağış,0.0002156893513
Aclan,0.0002259437462
Toga,0.0002506494462
Gayır,0.0002179678232
Cengel,0.0006276247565
Dayar,0.0002842097575
Kalyoncu,0.0008119181936
Uğurlu,0.001445863446
Sezgin,0.001627457889
Sever,0.0013014008
Akay,0.001496459546
Artuç,0.0004430549631
Yöndem,0.0004517052429
Sevimli,0.0007803214936
Bakım,0.0002259437462
Öztekin,0.0009906594582
Dağ,0.001965086362
Burak,0.0006032071506
Kalkan,0.001838824976
Mansuroğlu,0.0004152339159
Dicle,0.0003588581837
Tüfekçi,0.001006491224
Göktaş,0.001479749314
Yorulmaz,0.001146467472
Tuna,0.00163794764
Turan,0.003094820114
Ekim,0.0005825132222
Fazlıoğlu,0.0003680335675
Keser,0.001381592386
Yaban,0.0002612653078
Tural,0.0007147273067
Şamlıoğlu,0.0002246646366
Atuk,0.0002400786279
Çetin,0.004145224116
Algın,0.0004594766974
Taşlı,0.0005515094088
Çil,0.001193445048
Alkaş,0.0003224825027
Ağıç,0.0002045202602
Altun,0.002384232377
Atağ,0.0002717694916
Kaşıkçı,0.000715072836
Karagülle,0.0005905153452
Dikeç,0.0002593674717
Öksüz,0.001534733764
Aktan,0.0009116216214
Akşit,0.0006926115356
Kubat,0.0005174635324
Özkaya,0.00153433133
Ayrıç,0.000268416066
Yarım,0.0003467216081
Akkoç,0.0009310152437
Semerci,0.0007358433724
Akbulut,0.002127992201
Barlas,0.0005963429404
Ger,0.0002470094589
Yergin,0.0002373190118
Babaoğlu,0.0005044916505
Yargıcı,0.000213386552
Yardım,0.0007848457444
Yetişgin,0.0002364500268
Değirmenci,0.00140979226
Özbek,0.001772846969
Elçi,0.0008746999082
Bacı,0.0002488361084
Bilge,0.0009050495748
Barık,0.0003188878403
Aykaç,0.0007810070734
Yazar,0.001045179409
Alpman,0.0002110586291
Alım,0.0005381342879
Özgür,0.001370522475
Birsen,0.0004042823076
Subaşı,0.001161132747
Verim,0.000353308496
Sümer,0.001096955555
Ekin,0.001039452139
Yalgın,0.0002885227468
Hocaoğlu,0.000648529782
Yapan,0.0003106478028
Cavlı,0.0003343908347
Yartaşı,0.0002045202602
Tözün,0.0002617376167
Bahşi,0.0004493292733
Asrak,0.0002355778363
Tez,0.0004004967136
Başa,0.0002954319173
Evcimen,0.0003753440063
Çöklü,0.0002601599193
Dayıoğlu,0.0004695801895
Bilgin,0.0019634725
Alak,0.0004488709142
Gümüşay,0.0003983321292
Yayla,0.001154875525
Diker,0.0006782562682
Koçoğlu,0.000805248198
Demirel,0.002500475591
Talay,0.0007709798032
Toğrul,0.0003961557178
Kaner,0.0002759785616
Erez,0.0005264553412
Özyol,0.0002671862036
Duvan,0.0003471962444
Gökhan,0.0006432392152
Açık,0.000862709685
Cabadak,0.0002124196846
Akış,0.0005660970558
Ağaya,0.0002509777364
Arca,0.0003269202532
Kınacı,0.000524339638
Yatkın,0.0004290820827
Koşar,0.0009719902379
Yumuş,0.0002067226955
Sunay,0.0003754536758
Özarslan,0.0006820696172
Çakmakçı,0.0007184043846
Adanır,0.0005235538746
Arığ,0.000303813653
Teker,0.0008780822191
Bukan,0.0002187220393
Çalın,0.0002470094589
Çoban,0.002727508768
Mataracı,0.0002952925298
Abay,0.0008530154708
Birdal,0.0005109784698
Buruk,0.000309718711
Yolçu,0.001111977682
Domurcuk,0.0002548842394
Özmert,0.0002647093371
Berberoğlu,0.0006738106349
Şanlı,0.001479331922
Taşgın,0.0004958489319
Atılmış,0.0003286785769
Özdoğan,0.001215627208
Durmaz,0.002108771421
Aybar,0.0005981352132
Ağırbaş,0.0005553776096
Bozlak,0.0003410951634
Yargı,0.0002929127929
Tokatlıoğlu,0.0002230092873
Esin,0.0006935619464
Güçlü,0.001483472798
Teoman,0.0002671862036
Dizdar,0.0004899184104
Ekşioğlu,0.0004158283814
Tuğlu,0.0003923966433
Demirbaş,0.001523290313
İbrahimoğlu,0.0003721495311
Biçim,0.0002451692003
Ersin,0.0006495446962
Kütükçü,0.0004946019295
Tunçkol,0.0002231938212
Bozoğlu,0.0006804379416
Başdaş,0.0003289289987
Kaya,0.00635731911
Akgöz,0.0006748485353
Yılmazer,0.000952350318
Arslança,0.0002738821124
Köksal,0.001489234094
Çavuş,0.001205970585
Ekici,0.001538618527
Bulça,0.0003054354456
Yüksel,0.002931165242
Numanoğlu,0.0002656408684
Karslı,0.0007907510491
Birlik,0.0005204780626
Karatepe,0.00082489683
Evirgen,0.000456780742
Üner,0.0007750806469
Özberk,0.0003792721319
Erden,0.001342448393
Oduncu,0.0005378281819
Kayacan,0.0007565334319
Ayana,0.0002470094589
Tugan,0.0003124976997
Turut,0.0003782939245
Öğüt,0.0008824785037
Kırat,0.0003914512344
Aksungur,0.0004420316327
Ercan,0.001846265526
Eçe,0.0008772847939
Ersan,0.0008010962174
Hakan,0.0004879818
Yelegen,0.0002135794003
Etiz,0.0002720722989
Erzi,0.0002035112739
Solmaz,0.001387272285
Tecimer,0.0002181566217
Kocabıyık,0.0008718240714
Bıçakçı,0.0007938687549
Deniz,0.002624036967
Öztuna,0.00027731791
Irmak,0.0012069943
Orbay,0.0003672496826
Arslanoğlu,0.0005929504703
Eşkin,0.0005518825293
Çilingiroğlu,0.0002397354131
Kulaç,0.0004581307028
Kaymak,0.001159394072
Çücen,0.0002399070819
Olcay,0.0007597373706
Timuçin,0.0003016376991
Birol,0.0006167064086
Paksoy,0.000648402806
Biçer,0.001641989389
Odabaşı,0.0008737580538
Gence,0.0002061243652
Çaylan,0.0004178038242
Altuntaş,0.001547183892
Dayanç,0.00032917923
Atmış,0.0002205962985
Taşkıran,0.001283851589
Alnıaçık,0.0002061243652
Okuyan,0.0003871151556
Tezel,0.0007831653554
Evren,0.0008668040203
Tokur,0.0004553363724
Usta,0.001633165007
Olgaç,0.0005889096375
Gör,0.000530583855
Uslu,0.002146312141
Duman,0.002567574904
Yuvanç,0.0002118374459
Yönet,0.0002968221929
Topaloğlu,0.001166686153
Boyacı,0.0007703921864
Talı,0.0004528885534
Dinçer,0.001573175941
Bakan,0.0008297735021
Kulaksızoğlu,0.0002089019121
Özcan,0.003485265121
Tüzen,0.0002681091293
Sonay,0.0002665691445
Alkaya,0.0006981177019
Şener,0.001748599488
Yalçıntaş,0.0003594313484
Candemir,0.0006409951643
Özgül,0.001083854066
Çalım,0.0005035114197
Durum,0.0002713146469
Yiğin,0.0003326627051
Çalışır,0.000899848884
Üçer,0.0005033478623
Benice,0.000217778861
Töküş,0.0003630781771
Yazıcıoğlu,0.000680377434
Bugan,0.0002118374459
Ünüvar,0.0005218210302
Timur,0.0007613613212
Aşıkoğlu,0.0003579392112
Burul,0.0002156893513
Çam,0.001766309412
Altan,0.001156549801
Kızıltan,0.0004456492009
Elçiboğa,0.0002478414231
Çekmez,0.0002817364236
Yokuş,0.0005287183331
Akgül,0.002035982433
Yaşlak,0.000210081048
Karadeniz,0.001654329149
Tolay,0.0002277585845
Türkyılmaz,0.001019052272
Angay,0.0002847885967
Dinç,0.002021411538
Uca,0.0004707185674
Çiray,0.000315121572
Ceren,0.0005013810119
Çatal,0.0009100396108
Sağır,0.001178098876
Eldek,0.0002582539601
Anuk,0.0002847885967
Yener,0.0011202036
Atabay,0.0006620376882
Tunalı,0.0007059174865
Duyan,0.0004536152102
Uygur,0.0009794585947
Altınay,0.0006754583199
Ardalı,0.0002668778524
Tütüncü,0.0007813759826
Eraslan,0.001056657707
Çağlın,0.0002175897347
Sadıklar,0.0002192859991
Sözer,0.000763952462
Turgan,0.0002205962985
Topak,0.0005512854152
Okyay,0.000695518067
Sucu,0.0008562430434
Sönmez,0.002506379482
Bozdoğan,0.0008729566786
Erçe,0.0002569754673
Gönültaş,0.0006299817949
Bağış,0.0005378281819
Tamir,0.0002224547668
İpekçi,0.0005052255755
Şengün,0.0008280848489
Caynak,0.0002128069587
Ömür,0.0005695771934
Topsakal,0.0005329838234
Dumanlı,0.0004271588006
Varol,0.001503212136
Eke,0.0006422784392
Alkan,0.002259164126
Aytaç,0.0008815916608
Benk,0.0002734307821
Göksun,0.0002671862036
Kıpçak,0.0003236294507
Açıkalın,0.0004979203292
Kuran,0.0005482149978
Ölmez,0.00146087683
Toktaş,0.000655538388
Aytış,0.0002639305495
Yiğit,0.00279264772
Ünsal,0.001470567336
Ayaz,0.001653333405
Gülhan,0.000681224051
Özüdoğru,0.0004210430425
Öztaş,0.00111788582
Belet,0.000309718711
Karslıoğlu,0.0004267731041
Uzun,0.002831430556
Boz,0.001506986926
Döğüş,0.0003017741559
Uluç,0.0005202407085
Demirayak,0.0004742041282
Onuk,0.00051921092
Arıcan,0.0008217465441
Doğru,0.001556522261
Koçyiğit,0.001249661395
Soylu,0.001468129674
Güvener,0.0003461273976
Cebe,0.0006503681478
Yapar,0.0006535885933
Yonat,0.000220035697
İncekara,0.0004973412076
Tumay,0.0003331573711
Bakırcı,0.0008192879472
Taşyürek,0.0004511580528
Özden,0.001476657825
Canpolat,0.001050797109
Şentürk,0.002019638843
Öztan,0.0003740254635
Dağdelen,0.001080506246
Yaltırık,0.0002071206222
Tuğal,0.0002671862036
Toruk,0.000260001623
Çataklı,0.0002787985287
Balaman,0.0003755633133
Ülke,0.0002598432303
Özçelik,0.002099850002
Ciğil,0.0002139645754
Erdinç,0.0007955782854
Sayar,0.001068282454
Şit,0.0004191810951
Candan,0.001245999158
Gençer,0.001263520189
Özbudak,0.0004515229199
Tecimen,0.0002189101874
Erdoğan,0.003439354535
Kaplan,0.002946197568
Kıraç,0.0008601767259
Kandemir,0.001610828686
Açıl,0.0005602487889
Dönmez,0.002336863189
Yerli,0.0006926709744
Oktay,0.001244147452
Pulat,0.0006795903453
Duygulu,0.0003246455582
Sunar,0.0006523275684
Aksakal,0.0009127499502
Özkaynak,0.0004527067069
Akal,0.0003492062513
Bademci,0.0003762204675
Eğilmez,0.0005455802383
Tunçay,0.00105891511
Tiril,0.0002468427296
Cetik,0.0002753812047
Türker,0.001427927341
Tütük,0.0003429008677
Soner,0.0004994888461
Tolga,0.0002373190118
Arzık,0.0002424675288
Arkun,0.0002793885792
Süer,0.0006892150461
Buran,0.0005854037745
Bilgiç,0.001427581316
Mertoğlu,0.0004591181513
Avcıl,0.000413843509
Kırımlı,0.0003889189088
Ekinci,0.001971340651
Erel,0.0006513801976
Seren,0.0004570510531
Tatlı,0.001117149012
Ağca,0.0009078655134
Danişman,0.0006062027802
Mertcan,0.0002087047418
Çiger,0.0003684807531
Aytek,0.0002862305735
Yakıt,0.0002376657162
Bartık,0.0002181566217
Çubukçu,0.0006300471424
Doru,0.0003386725819
Aksel,0.0005201615663
Kavaklıoğlu,0.0002179678232
Dölen,0.0002293796625
Başkara,0.0003190169185
Kunt,0.0006040256139
Edik,0.0002069217545
Aldı,0.0002540753378
Çakırcı,0.0002259437462
Keskin,0.003135196825
Ayhan,0.001729685173
Şalk,0.0002273967756
Sağlam,0.002253124082
Kılıç,0.004517836192
Cici,0.0003937582266
Ergil,0.0002257614599
Özker,0.0002855104955
Kurt,0.003650650218
Sevgi,0.0006676110156
Oruçoğlu,0.0003674738203
Sipahioğlu,0.0003722601417
Beder,0.0003681454148
Yumlu,0.0003738052542
Paçacı,0.0004005994973
Almış,0.0002311675279
Saatçi,0.0005129887792
Özgüç,0.0003866895204
Erçin,0.0006375174195
Durgun,0.0009618994376
Bahadır,0.001032577353
Yoleri,0.0002329416716
Çolakoğlu,0.00083338758
Dalan,0.0002951530764
Pehlivan,0.001609831609
Kırış,0.0007093500803
Kaygusuz,0.0008790194402
Şakir,0.0003754536758
Uzunoğlu,0.0008814048433
Çevik,0.002207250354
Birben,0.0002609499603
Eslek,0.0002192859991
Özbay,0.001294835796
Somer,0.0003161650238
Akaydın,0.0004336631601
Ceyhan,0.001295026554
Sadıkoğlu,0.0004349902198
Civelek,0.001019294643
Boduroğlu,0.00033291013
Yerlikaya,0.0009437083977
Görgülü,0.001003582816
Erdin,0.0004791272427
Gezer,0.00164514557
Baz,0.0006276903493
İnceoğlu,0.000592603208
Gerez,0.000249331963
Darı,0.0003240108644
Çıdık,0.0002098849854
Yaşar,0.002636995872
Şenol,0.001465435135
Tufan,0.001090292334
Bakay,0.0004812706158
Budak,0.001732325171
Ayrı,0.000272525879
Berik,0.0002057245116
Çeber,0.0003455321651
Çınar,0.002559882849
Budan,0.0002713146469
Yeten,0.000234877752
Angın,0.0004055024783
Berk,0.0009435338793
Erişkin,0.0002407635897
Akar,0.00188254626
Karaböcek,0.0002114483961
Çelikkol,0.0005655149507
Çimen,0.001650118037
Şahin,0.00578681988
Ümit,0.0003866895204
Durmuş,0.00215270928
Kavak,0.001365225285
Bedük,0.0002257614599
Davulcu,0.000588000124
Şenel,0.001220494333
Çelebi,0.002068680275
Ecevit,0.0004894139465
Karaer,0.0006331758873
Eygi,0.0002244813117
Töz,0.0003989517803
Yanar,0.0009568786706
Yumuk,0.0004173108402
Asil,0.0004818690519
Toru,0.0002499915725
Okumuş,0.001199329463
Aycan,0.0005710209909
Yetkin,0.0008295750154
Hancı,0.0006335658941
Baydar,0.0009216821902
Baylan,0.0006553499517
Bozkır,0.0006593582456
Gözalan,0.0002568152082
Serter,0.0003859435291
Gürlek,0.0006132251896
Ergün,0.001965316805
Demiroğlu,0.0007584899871
Sezek,0.0003354970746
Beğeç,0.0002640864907
Soyer,0.00052520262
Bür,0.0002306326236
Çeven,0.0002682626415
Ağan,0.0004510667899
Türkdoğan,0.000353308496
Baltacı,0.001051619559
Çiçek,0.002669919838
Yakupoğlu,0.0004427761076
Tolan,0.0003296791228
Ayata,0.0006072206397
Atala,0.0002450012186
Oğuz,0.001892927386
Aygün,0.001765260223
Kahveci,0.001085106835
Dinler,0.0009278702871
Tatlıcı,0.0003013646002
Azboy,0.000249331963
Peker,0.001309757248
Gökgöz,0.0007466737564
Yarız,0.0002461746831
Atalık,0.0002264897246
Nalbantoğlu,0.0005084746481
Coşkun,0.003086721405
Ulukaya,0.0004798999598
Baydak,0.0002059245354
Ürek,0.0004436121484
Barlak,0.0004112488533
Bilen,0.001208085307
Tören,0.0003486162758
Akkurt,0.001099055281
Dereli,0.001068089745
Tabar,0.0002237465101
Gülen,0.001048954051
Vural,0.001971841807
Toka,0.0004475850117
Yıldız,0.005678615411
Evrensel,0.0002990331895
Kuş,0.001601472787
Bil,0.0002090988965
Akyıldız,0.001257314096
Konyalı,0.0003849822735
Babacan,0.0008986127329
Elban,0.0002969608624
Alev,0.0004565102708
Kutlu,0.001552735322
Haliloğlu,0.0004537059604
Kaymakçı,0.0006434951799
Memiş,0.001382724277
Yaldız,0.0008184835406
Duva,0.0002699455146
Dinçsoy,0.0003520243703
Aymaz,0.0003727022561
Kutlar,0.0003025916044
Atasever,0.0006622863876
Bilir,0.001170526206
Kılıççı,0.0002674941993
Arpa,0.0005139509346
Akçın,0.0005685643537
Okyar,0.0003272978321
Avan,0.0005385931207
Reçber,0.0004603718408
İlter,0.0007737515868
Geniş,0.0004768879156
Dora,0.0003008176586
Başaran,0.001700858869
Baysal,0.001351251828
Zorlu,0.001210740517
Ergül,0.001365526812
Çebi,0.0007013536952
Aytın,0.0002075177858
Abıç,0.000234877752
Özel,0.001887438608
Yılmaz,0.007660900043
Dağdaş,0.0002903718147
Yabalak,0.0002118374459
Aga,0.000310117234
Yaş,0.0003361100791
Dursun,0.00209657323
Telli,0.0009973278518
Gören,0.001037152375
Örnek,0.0009328265162
Arda,0.0008707372736
Temel,0.001746384907
Aça,0.0002970994673
Alçin,0.0004142412444
Üstek,0.0002606342313
Tazegül,0.0004216293176
Özdağ,0.0005612766345
Saltık,0.00065823338
Aşık,0.001122626617
Diril,0.0004229941329
Derya,0.0004309967825
Ekşi,0.001003295615
Geldi,0.000375892034
Çeken,0.0005323655125
Baysoy,0.0002428068817
Kurtaran,0.0004975894851
Dalkıran,0.0007812705978
Yetiş,0.0007050421286
Akbaba,0.001192271586
Yörük,0.001097368318
Yanardağ,0.0004503360211
Ocak,0.001375260527
Dizlek,0.0002812976955
Darga,0.0002077160828
Özkara,0.0008352134009
Öztek,0.0002941750517
Güven,0.002337673456
Tunay,0.0004679994026
Elgin,0.0003236294507
Evliyaoğlu,0.0002331183434
Alagaş,0.0002339997013
Tüzün,0.0008415970403
Özsu,0.000350852905
Dağlı,0.001414718917
Admış,0.0002255790264
Özbir,0.0002104726253
Soyak,0.0003905035367
Taşçı,0.00158173637
Oğraş,0.0003608032288
Dallı,0.0004551555039
Besen,0.0002776146655
Tiken,0.0003288038116
Poyrazoğlu,0.0002560124078
Sarıoğlu,0.001128260088
Donat,0.0004240634062
Saygın,0.0006817677497
Dana,0.0004322367891
Denli,0.0005484402454
Yapıcı,0.001031580099
Geçim,0.000315121572
Talaz,0.0002397354131
Kırca,0.0007241124386
Yalavaç,0.0002466758876
Akyüz,0.00185083117
Toprak,0.001963388626
Bağdu,0.0002273967756
Geçe,0.0002789461583
Akkoyunlu,0.0003493241269
Üstün,0.001383884993
Solak,0.001378818311
Ciga,0.0002239304365
Çulçu,0.0003705975156
Yapa,0.0002207828493
Çelen,0.0009542505291
Başer,0.001136766599
Günay,0.001832320604
Şaşmaz,0.0008366416644
Çağır,0.0003448165299
Hakverdi,0.0003544718462
Tör,0.000477836604
İzgi,0.0006955772575
Saylan,0.000471068284
Aydoğdu,0.001900459403
Begen,0.0002991708342
Tanrıkulu,0.00100091278
Doğuç,0.0002325879255
Altıok,0.0004928508256
Bilgen,0.0008245473926
Atalar,0.0005152310137
Savaş,0.00157717485
Eriş,0.0008541730181
Ağar,0.0007033466809
Karaduman,0.001330929248
Uraz,0.0003209468631
Elçin,0.0004477689381
Teber,0.0004602824048
Yelen,0.0002357525325
Biricik,0.0005205571566
Bulgan,0.000404485925
Toran,0.0002402500515
Eşlik,0.0002842097575
Arıç,0.0003463652041
Tunca,0.0009711003502
Baran,0.001632004999
Bayraktutan,0.0002738821124
Özkök,0.0006438149927
Ertekin,0.0009673198345
Arat,0.0007755585509
Altınel,0.0005158698621
Bayraktar,0.001830004867
Eniş,0.0002154983912
Kıran,0.001105293278
Akan,0.001271639956
Dilmen,0.000563838051
Ezgi,0.0002417873942
Sakallı,0.0007911154146
Çengiz,0.002185035847
Yeğin,0.0006522644531
Güley,0.0002083098413
Demirden,0.0002993084156
Düzen,0.0005616432663
Tokaç,0.0003989517803
Tunç,0.002314238429
Ağır,0.0006492277059
Karaağaç,0.0009435775119
Tutan,0.0004055024783
Düven,0.0002194736637
Korkmaz,0.003444450073
Poyraz,0.001216473592
Erbay,0.000899345472
Topbaş,0.0006475768553
Altıntaş,0.001704968806
Sinanoğlu,0.0003551680272
Atay,0.001308688083
Hamzaoğlu,0.0003949066688
Varış,0.0004347061909
Polat,0.003368246558
Düvenci,0.0002373190118
Tektaş,0.0006440068041
Akçal,0.0003943850642
Erman,0.0006265086281
Üregen,0.0002108634755
Türel,0.0004592078141
Boy,0.0004713304012
Teymur,0.000390398095
Tok,0.001246560739
Dilaver,0.0003793806659
Demirci,0.002685295437
Toğaç,0.000238357612
Çıtak,0.0009024073547
Artun,0.0004192792985
El,0.0003780762013
Evgin,0.0003365996789
Üste,0.0002331183434
İşçen,0.0003753440063
Top,0.001205185147
Gökmen,0.001372203656
Yıldırgan,0.0002029034739
Baysan,0.0004898343692
Tokgöz,0.001017313584
Calman,0.0002288405791
Tuncel,0.001208698565
Geçer,0.0007181177909
Yalaz,0.000291079867
Karataş,0.002786892324
Batmaz,0.0008061168862
Taner,0.0007472249292
Şendağ,0.000208507385
Tonka,0.000229200109
Bediz,0.0002367980035
Kocadağ,0.0004773193713
Kaynar,0.0009719902379
Avınç,0.0002270343901
Devrim,0.0004920984449
Çağıran,0.000377313181
İnce,0.002195880603
Alyanak,0.0002671862036
Başat,0.000280858282
Durdu,0.0008662814055
Angı,0.000273280173
Gedik,0.001504854512
Çalışgan,0.0002846439973
Çopur,0.000765728785
Algün,0.0003321673024
Ezgin,0.0003542394818
Aslanoğlu,0.0004272551703
Akkan,0.000782849881
Ballı,0.0008638065827
Düzgün,0.001173827724
Çapanoğlu,0.0002744827318
Tataş,0.0002529385297
Özyürek,0.0007316914209
Varan,0.0004414724527
Tilki,0.0007332651944
Karadaş,0.001134555236
Bugur,0.0002991708342
Sepetçi,0.0004805001029
Köybaşı,0.0003987453369
Akman,0.001663412529
Çavlak,0.0003515562526
Keçeci,0.0008396870442
Abık,0.00032917923
Başel,0.0002869488446
Arıkan,0.001579991515
Yetgin,0.0005955139183
Akalın,0.001012404974
Türkeri,0.0004502445916
Kök,0.001181936683
Ertürk,0.001663363028
Emiroğlu,0.0006247977516
Keleş,0.002177221404
Ürkmez,0.0006388721254
Bozkurt,0.003114750072
Altınışık,0.0007590325796
Bekem,0.000250813645
Ülük,0.0002829030391
Çetiner,0.0011291355
Tanış,0.0008486120941
Geçgin,0.0002812976955
Akdağ,0.001632988537
Argan,0.000203713471
Tur,0.0005896781302
Anık,0.0005982040395
Tav,0.0002674941993
Belik,0.0002478414231
Karabay,0.0006317438027
Koral,0.0004673832083
Bilecen,0.0003701528873
Terzi,0.001165132454
Varlı,0.0008452092708
Abacı,0.0007360671351
Babat,0.0005542645529
Ulutaş,0.001037072982
Kırşan,0.0002741825866
Beyazıt,0.0005126676594
Topçuoğlu,0.0007173721115
Çağlak,0.0004055024783
Batak,0.0003098516089
Bektaş,0.001938338914
Gönül,0.0009610430455
Bektaşoğlu,0.0003834821977
Atakan,0.0005314366972
Aykan,0.0006049110327
Sandalcı,0.0002345269262
Üçtaş,0.000213386552
Caymaz,0.000581097979
Ülüş,0.0007434135187
Algur,0.0003787289953
Çiftçi,0.00262077152
Ersöz,0.001036675925
Akçalı,0.0004771468359
Ünal,0.003142083297
Bulu,0.000292209182
Yıldızoğlu,0.0003961557178
Tekelioğlu,0.0003754536758
Onay,0.0009747395032
Aşkar,0.0005839955363
Altınbaş,0.0006821903268
Celayır,0.0003400071378
Akkor,0.0002281198196
Çörekçi,0.0003383076984
Çaça,0.000371041611
Ülkü,0.0007400276628
Aman,0.0002782072268
Baçak,0.0007673937067
Kuyucu,0.0006545956641
